"t1_ct01wnq";"t3_3cxwj2";"1436650796.0"
"t1_ct036fl";"t1_ct01wnq";"1436653381.0"
"t1_ct0a1le";"t1_ct036fl";"1436667473.0"
"t1_ct0b861";"t1_ct0a1le";"1436669927.0"
"t1_ct0b9si";"t1_ct0b861";"1436670019.0"
"t1_ct0dfbi";"t1_ct0b861";"1436674690.0"
"t1_ct0eskb";"t1_ct0a1le";"1436677717.0"
"t1_ct0io2w";"t1_ct0eskb";"1436690018.0"
"t1_ct0jrz8";"t1_ct0a1le";"1436695018.0"
"t1_ct0dqyz";"t1_ct036fl";"1436675397.0"
"t1_ct0i017";"t1_ct036fl";"1436687360.0"
"t1_ct0i75e";"t1_ct036fl";"1436688124.0"
"t1_ct0l5lw";"t1_ct036fl";"1436701327.0"
"t1_ct0b2wc";"t1_ct01wnq";"1436669627.0"
"t1_ct0fn1q";"t1_ct0b2wc";"1436679832.0"
"t1_ct0dv7v";"t1_ct0b2wc";"1436675664.0"
"t1_ct0a30j";"t1_ct01wnq";"1436667554.0"
"t1_ct0bixf";"t1_ct01wnq";"1436670570.0"
"t1_ct0gzk0";"t1_ct0bixf";"1436683801.0"
"t1_ct0b975";"t1_ct01wnq";"1436669985.0"
"t1_ct0h3xv";"t1_ct01wnq";"1436684198.0"
"t1_ct0kawf";"t1_ct01wnq";"1436697525.0"
"t1_ct0kjsw";"t1_ct01wnq";"1436698681.0"
"t1_ct0hcos";"t1_ct01wnq";"1436685027.0"
"t1_ct0hibf";"t1_ct01wnq";"1436685565.0"
"t1_ct0huo2";"t1_ct01wnq";"1436686796.0"
"t1_ct0e4rk";"t1_ct01wnq";"1436676240.0"
"t1_ct0bpnm";"t3_3cxwj2";"1436670977.0"
"t1_ct0dt67";"t1_ct0bpnm";"1436675533.0"
"t1_ct0hrwo";"t1_ct0dt67";"1436686511.0"
"t1_ct0i4yo";"t1_ct0hrwo";"1436687891.0"
"t1_ct0ju2m";"t1_ct0i4yo";"1436695290.0"
"t1_ct0m5ls";"t1_ct0ju2m";"1436705193.0"
"t1_ct0may3";"t1_ct0ju2m";"1436705713.0"
"t1_ct0ltdh";"t1_ct0dt67";"1436703950.0"
"t1_ct0m4q1";"t1_ct0dt67";"1436705104.0"
"t1_ct01mjl";"t3_3cxwj2";"1436650206.0"
"t1_ct0clid";"t1_ct01mjl";"1436672920.0"
"t1_ct0fvza";"t1_ct0clid";"1436680504.0"
"t1_ct0i57z";"t1_ct0clid";"1436687918.0"
"t1_ct0kqsn";"t1_ct0clid";"1436699578.0"
"t1_ct0kvgl";"t1_ct0clid";"1436700136.0"
"t1_ct0844h";"t1_ct01mjl";"1436663379.0"
"t1_ct0cxsg";"t1_ct0844h";"1436673669.0"
"t1_ct0das9";"t1_ct0cxsg";"1436674434.0"
"t1_ct0e0ya";"t1_ct0das9";"1436676005.0"
"t1_ct0fjky";"t1_ct0e0ya";"1436679581.0"
"t1_ct0e9p0";"t1_ct0das9";"1436676535.0"
"t1_ct0etos";"t1_ct0844h";"1436677793.0"
"t1_ct0fqcy";"t1_ct0844h";"1436680074.0"
"t1_ct0cjuk";"t1_ct0844h";"1436672814.0"
"t1_ct044rz";"t1_ct01mjl";"1436655339.0"
"t1_ct06tvh";"t1_ct044rz";"1436660759.0"
"t1_ct0eov8";"t1_ct06tvh";"1436677472.0"
"t1_ct07px2";"t1_ct044rz";"1436662580.0"
"t1_ct0a2ex";"t1_ct07px2";"1436667520.0"
"t1_ct0did6";"t1_ct0a2ex";"1436674864.0"
"t1_ct0jxzx";"t1_ct07px2";"1436695810.0"
"t1_ct0erwo";"t1_ct044rz";"1436677674.0"
"t1_ct07k6v";"t1_ct01mjl";"1436662255.0"
"t1_ct0fhm2";"t1_ct07k6v";"1436679440.0"
"t1_ct08l7e";"t1_ct01mjl";"1436664375.0"
"t1_ct0cr96";"t1_ct08l7e";"1436673280.0"
"t1_ct0cd1m";"t1_ct01mjl";"1436672392.0"
"t1_ct0e6h2";"t1_ct01mjl";"1436676345.0"
"t1_ct0ipw4";"t1_ct0e6h2";"1436690224.0"
"t1_ct0fv69";"t1_ct01mjl";"1436680445.0"
"t1_ct07h8b";"t1_ct01mjl";"1436662088.0"
"t1_ct0dnvf";"t1_ct07h8b";"1436675198.0"
"t1_ct07w1v";"t1_ct01mjl";"1436662930.0"
"t1_ct096e4";"t1_ct01mjl";"1436665622.0"
"t1_ct09feh";"t1_ct01mjl";"1436666163.0"
"t1_ct0e0mp";"t1_ct01mjl";"1436675985.0"
"t1_ct0erlm";"t1_ct01mjl";"1436677654.0"
"t1_ct0fk0h";"t1_ct01mjl";"1436679614.0"
"t1_ct0g1ag";"t1_ct01mjl";"1436680908.0"
"t1_ct0gvbk";"t1_ct01mjl";"1436683417.0"
"t1_ct0gxua";"t1_ct01mjl";"1436683644.0"
"t1_ct0gznw";"t1_ct01mjl";"1436683810.0"
"t1_ct0hek2";"t1_ct01mjl";"1436685212.0"
"t1_ct0k977";"t1_ct01mjl";"1436697305.0"
"t1_ct0cd26";"t1_ct01mjl";"1436672393.0"
"t1_ct01dqk";"t3_3cxwj2";"1436649713.0"
"t1_ct02yag";"t1_ct01dqk";"1436652913.0"
"t1_ct030sa";"t1_ct02yag";"1436653053.0"
"t1_ct0389o";"t1_ct030sa";"1436653488.0"
"t1_ct04soo";"t1_ct030sa";"1436656630.0"
"t1_ct0ei7d";"t1_ct04soo";"1436677055.0"
"t1_ct0fdjq";"t1_ct0ei7d";"1436679143.0"
"t1_ct0b8mu";"t1_ct04soo";"1436669951.0"
"t1_ct0bkyk";"t1_ct0b8mu";"1436670690.0"
"t1_ct0dvum";"t1_ct04soo";"1436675705.0"
"t1_ct0fc35";"t1_ct0dvum";"1436679040.0"
"t1_ct0fm38";"t1_ct04soo";"1436679760.0"
"t1_ct0hp2g";"t1_ct0fm38";"1436686224.0"
"t1_ct0m6g4";"t1_ct04soo";"1436705275.0"
"t1_ct09a3u";"t1_ct030sa";"1436665840.0"
"t1_ct08f7r";"t1_ct030sa";"1436664026.0"
"t1_ct0fkop";"t1_ct030sa";"1436679663.0"
"t1_ct0bo7p";"t1_ct02yag";"1436670890.0"
"t1_ct0g6q3";"t1_ct02yag";"1436681338.0"
"t1_ct03lv7";"t1_ct01dqk";"1436654272.0"
"t1_ct08q5m";"t1_ct03lv7";"1436664665.0"
"t1_ct0e3zb";"t1_ct08q5m";"1436676188.0"
"t1_ct0evxc";"t1_ct08q5m";"1436677940.0"
"t1_ct0894o";"t1_ct03lv7";"1436663667.0"
"t1_ct0cy4g";"t1_ct0894o";"1436673686.0"
"t1_ct0c5ye";"t1_ct03lv7";"1436671951.0"
"t1_ct0ent8";"t1_ct03lv7";"1436677407.0"
"t1_ct0b5bg";"t1_ct03lv7";"1436669765.0"
"t1_ct0dboo";"t1_ct03lv7";"1436674482.0"
"t1_ct0dpel";"t1_ct0dboo";"1436675297.0"
"t1_ct0itz3";"t1_ct0dpel";"1436690706.0"
"t1_ct07rds";"t1_ct01dqk";"1436662663.0"
"t1_ct0deq2";"t1_ct07rds";"1436674658.0"
"t1_ct0iq0n";"t1_ct0deq2";"1436690238.0"
"t1_ct0eh3a";"t1_ct07rds";"1436676985.0"
"t1_ct0g8cn";"t1_ct07rds";"1436681466.0"
"t1_ct05pma";"t1_ct01dqk";"1436658446.0"
"t1_ct0a3mb";"t1_ct05pma";"1436667590.0"
"t1_ct05z68";"t1_ct05pma";"1436658980.0"
"t1_ct0f8mo";"t1_ct05z68";"1436678802.0"
"t1_ct0cr4p";"t1_ct05pma";"1436673272.0"
"t1_ct06euc";"t1_ct01dqk";"1436659884.0"
"t1_ct0alie";"t1_ct01dqk";"1436668609.0"
"t1_ct0ceal";"t1_ct01dqk";"1436672466.0"
"t1_ct08nhw";"t1_ct01dqk";"1436664509.0"
"t1_ct08ro2";"t1_ct08nhw";"1436664751.0"
"t1_ct09cn0";"t1_ct01dqk";"1436665994.0"
"t1_ct0edig";"t1_ct09cn0";"1436676764.0"
"t1_ct0afts";"t1_ct01dqk";"1436668277.0"
"t1_ct0av3v";"t1_ct0afts";"1436669171.0"
"t1_ct0awc8";"t1_ct0av3v";"1436669241.0"
"t1_ct0arui";"t1_ct01dqk";"1436668979.0"
"t1_ct0bjyw";"t1_ct01dqk";"1436670633.0"
"t1_ct0cau4";"t1_ct01dqk";"1436672249.0"
"t1_ct0dqju";"t1_ct01dqk";"1436675370.0"
"t1_ct0ef3a";"t1_ct01dqk";"1436676862.0"
"t1_cszyqb4";"t3_3cxwj2";"1436644414.0"
"t1_cszzuu8";"t1_cszyqb4";"1436646670.0"
"t1_ct04oq3";"t1_cszzuu8";"1436656409.0"
"t1_ct09ozb";"t1_ct04oq3";"1436666725.0"
"t1_ct0a5y7";"t1_ct09ozb";"1436667723.0"
"t1_ct0df8d";"t1_ct0a5y7";"1436674686.0"
"t1_ct0c2ot";"t1_ct04oq3";"1436671757.0"
"t1_ct0hy99";"t1_ct04oq3";"1436687170.0"
"t1_ct07m8q";"t1_cszzuu8";"1436662372.0"
"t1_ct07yzn";"t1_cszzuu8";"1436663090.0"
"t1_ct0ho0v";"t1_cszzuu8";"1436686115.0"
"t1_ct0m70m";"t1_cszzuu8";"1436705329.0"
"t1_ct08s24";"t1_cszzuu8";"1436664775.0"
"t1_ct0gv4u";"t1_cszzuu8";"1436683400.0"
"t1_ct04n3c";"t1_cszyqb4";"1436656319.0"
"t1_ct0fjw4";"t1_cszyqb4";"1436679605.0"
"t1_ct0hjtm";"t1_cszyqb4";"1436685712.0"
"t1_ct06na4";"t1_cszyqb4";"1436660373.0"
"t1_ct0a678";"t1_cszyqb4";"1436667738.0"
"t1_ct0elp1";"t1_cszyqb4";"1436677272.0"
"t1_ct0f4rk";"t1_cszyqb4";"1436678539.0"
"t1_ct0fyfd";"t1_cszyqb4";"1436680684.0"
"t1_ct0l4p3";"t1_ct0fyfd";"1436701221.0"
"t1_ct0ie9u";"t1_cszyqb4";"1436688906.0"
"t1_ct0itmi";"t1_cszyqb4";"1436690664.0"
"t1_ct0m0wa";"t1_cszyqb4";"1436704731.0"
"t1_ct07k9o";"t3_3cxwj2";"1436662259.0"
"t1_ct0djbo";"t1_ct07k9o";"1436674920.0"
"t1_ct0hozy";"t1_ct0djbo";"1436686217.0"
"t1_ct0dtg6";"t1_ct07k9o";"1436675549.0"
"t1_ct0h18y";"t1_ct07k9o";"1436683953.0"
"t1_ct0ha9l";"t1_ct07k9o";"1436684786.0"
"t1_ct0g8u5";"t1_ct07k9o";"1436681507.0"
"t1_ct0gzq1";"t1_ct07k9o";"1436683814.0"
"t1_ct0h179";"t1_ct07k9o";"1436683949.0"
"t1_ct0hni1";"t1_ct07k9o";"1436686061.0"
"t1_ct07zbo";"t1_ct07k9o";"1436663109.0"
"t1_ct0cppj";"t1_ct07zbo";"1436673183.0"
"t1_ct0bcrq";"t1_ct07zbo";"1436670200.0"
"t1_ct0bghr";"t1_ct0bcrq";"1436670427.0"
"t1_ct0l8qh";"t1_ct0bghr";"1436701687.0"
"t1_ct0hlr5";"t1_ct07k9o";"1436685888.0"
"t1_cszyu62";"t3_3cxwj2";"1436644633.0"
"t1_ct009hi";"t1_cszyu62";"1436647485.0"
"t1_ct03xef";"t1_ct009hi";"1436654942.0"
"t1_ct0m7h7";"t1_ct03xef";"1436705376.0"
"t1_ct0eghj";"t1_ct03xef";"1436676948.0"
"t1_ct01bq8";"t1_ct009hi";"1436649600.0"
"t1_ct0as4l";"t1_ct01bq8";"1436668995.0"
"t1_ct0918f";"t1_ct01bq8";"1436665314.0"
"t1_ct01pf8";"t1_ct009hi";"1436650367.0"
"t1_ct019kg";"t1_ct009hi";"1436649477.0"
"t1_ct04juy";"t1_ct019kg";"1436656146.0"
"t1_ct0b9ih";"t1_ct04juy";"1436670002.0"
"t1_ct0m7rg";"t1_ct0b9ih";"1436705401.0"
"t1_ct05tgx";"t1_ct009hi";"1436658664.0"
"t1_ct09dkf";"t1_ct009hi";"1436666053.0"
"t1_ct0bgg9";"t1_ct009hi";"1436670425.0"
"t1_ct00ujv";"t1_cszyu62";"1436648643.0"
"t1_ct08t5e";"t1_ct00ujv";"1436664838.0"
"t1_ct0f28i";"t1_ct08t5e";"1436678369.0"
"t1_ct0f41d";"t1_ct08t5e";"1436678489.0"
"t1_ct0ijso";"t1_ct08t5e";"1436689515.0"
"t1_ct0lpqh";"t1_ct08t5e";"1436703569.0"
"t1_ct0al15";"t1_ct00ujv";"1436668580.0"
"t1_ct0dnfl";"t1_ct00ujv";"1436675168.0"
"t1_ct0amb3";"t1_ct00ujv";"1436668656.0"
"t1_ct0dn9f";"t1_ct0amb3";"1436675157.0"
"t1_ct0i362";"t1_ct00ujv";"1436687694.0"
"t1_ct07m9d";"t1_cszyu62";"1436662373.0"
"t1_cszz02w";"t1_cszyu62";"1436644961.0"
"t1_ct03eym";"t1_cszz02w";"1436653872.0"
"t1_ct0j7pq";"t1_cszz02w";"1436692406.0"
"t1_ct043gy";"t1_cszyu62";"1436655279.0"
"t1_ct07475";"t1_cszyu62";"1436661346.0"
"t1_ct07xck";"t1_cszyu62";"1436663001.0"
"t1_ct08xbf";"t1_cszyu62";"1436665084.0"
"t1_ct00zjz";"t1_cszyu62";"1436648924.0"
"t1_ct03b3c";"t1_cszyu62";"1436653645.0"
"t1_ct02bxl";"t1_cszyu62";"1436651644.0"
"t1_ct02xpl";"t1_cszyu62";"1436652878.0"
"t1_ct046py";"t1_cszyu62";"1436655436.0"
"t1_ct05802";"t1_cszyu62";"1436657473.0"
"t1_ct05c1y";"t1_cszyu62";"1436657705.0"
"t1_ct06ujy";"t1_cszyu62";"1436660798.0"
"t1_ct087f8";"t1_cszyu62";"1436663570.0"
"t1_ct08pq7";"t1_cszyu62";"1436664640.0"
"t1_ct08srl";"t1_cszyu62";"1436664815.0"
"t1_ct0a0pe";"t1_cszyu62";"1436667423.0"
"t1_ct0c7m3";"t1_cszyu62";"1436672050.0"
"t1_ct0e2kj";"t1_cszyu62";"1436676102.0"
"t1_ct0gfba";"t1_cszyu62";"1436682040.0"
"t1_ct0i2t2";"t1_cszyu62";"1436687652.0"
"t1_ct0ibdr";"t1_cszyu62";"1436688592.0"
"t1_ct0jdle";"t1_cszyu62";"1436693146.0"
"t1_cszydxa";"t3_3cxwj2";"1436643715.0"
"t1_cszyobv";"t1_cszydxa";"1436644302.0"
"t1_cszzn9b";"t1_cszyobv";"1436646247.0"
"t1_cszzojx";"t1_cszzn9b";"1436646320.0"
"t1_ct0d93c";"t1_cszzojx";"1436674340.0"
"t1_ct01q41";"t1_cszzn9b";"1436650407.0"
"t1_ct0gzpz";"t1_ct01q41";"1436683814.0"
"t1_ct0g55d";"t1_ct01q41";"1436681215.0"
"t1_ct04qjz";"t1_cszzn9b";"1436656513.0"
"t1_ct05nxo";"t1_cszzn9b";"1436658356.0"
"t1_ct07a6b";"t1_cszzn9b";"1436661684.0"
"t1_ct07emu";"t1_ct07a6b";"1436661938.0"
"t1_ct0e4pp";"t1_cszzn9b";"1436676237.0"
"t1_ct0hbew";"t1_cszzn9b";"1436684899.0"
"t1_ct09zr9";"t1_cszzn9b";"1436667367.0"
"t1_ct04exj";"t1_cszyobv";"1436655871.0"
"t1_ct0agyt";"t1_cszyobv";"1436668340.0"
"t1_ct0icf8";"t1_cszyobv";"1436688709.0"
"t1_ct0ij1d";"t1_cszyobv";"1436689435.0"
"t1_cszzq3z";"t1_cszydxa";"1436646411.0"
"t1_ct06rz8";"t1_cszzq3z";"1436660648.0"
"t1_ct0evnr";"t1_ct06rz8";"1436677923.0"
"t1_ct0edu5";"t1_cszzq3z";"1436676784.0"
"t1_ct0cx9y";"t1_cszzq3z";"1436673642.0"
"t1_ct01wv7";"t1_cszzq3z";"1436650808.0"
"t1_ct0603t";"t1_ct01wv7";"1436659033.0"
"t1_ct0drws";"t1_ct0603t";"1436675454.0"
"t1_ct066iz";"t1_ct0603t";"1436659402.0"
"t1_ct0ev1e";"t1_ct0603t";"1436677884.0"
"t1_ct0kly8";"t1_cszzq3z";"1436698969.0"
"t1_ct0g31q";"t1_cszzq3z";"1436681048.0"
"t1_ct055i0";"t1_cszydxa";"1436657328.0"
"t1_ct0apei";"t1_ct055i0";"1436668833.0"
"t1_cszyfdv";"t1_cszydxa";"1436643797.0"
"t1_ct0ag05";"t1_cszyfdv";"1436668286.0"
"t1_ct0kb6w";"t1_ct0ag05";"1436697566.0"
"t1_ct0empa";"t1_cszydxa";"1436677336.0"
"t1_ct0gsau";"t1_ct0empa";"1436683147.0"
"t1_ct0gzvt";"t1_ct0gsau";"1436683829.0"
"t1_cszyojk";"t1_cszydxa";"1436644315.0"
"t1_ct03vhb";"t1_cszyojk";"1436654831.0"
"t1_ct03xmx";"t1_ct03vhb";"1436654955.0"
"t1_ct04v6k";"t1_ct03xmx";"1436656764.0"
"t1_ct052gr";"t1_ct04v6k";"1436657159.0"
"t1_ct058xq";"t1_ct052gr";"1436657525.0"
"t1_ct05c4z";"t1_ct058xq";"1436657709.0"
"t1_ct05h8w";"t1_ct05c4z";"1436657989.0"
"t1_ct03y27";"t1_cszydxa";"1436654979.0"
"t1_ct0gj9g";"t1_ct03y27";"1436682372.0"
"t1_ct0if6h";"t1_ct03y27";"1436689005.0"
"t1_ct0m8hi";"t1_ct0if6h";"1436705474.0"
"t1_ct06vkt";"t1_cszydxa";"1436660858.0"
"t1_ct064hm";"t1_cszydxa";"1436659284.0"
"t1_ct0aybg";"t1_cszydxa";"1436669358.0"
"t1_ct0g2hf";"t1_cszydxa";"1436681000.0"
"t1_ct0gqjo";"t1_cszydxa";"1436682993.0"
"t1_ct0h5fh";"t1_cszydxa";"1436684336.0"
"t1_ct0iuke";"t1_cszydxa";"1436690775.0"
"t1_ct06fcq";"t1_cszydxa";"1436659914.0"
"t1_cszyl9l";"t1_cszydxa";"1436644128.0"
"t1_ct01kcl";"t1_cszyl9l";"1436650085.0"
"t1_ct09s4p";"t1_cszydxa";"1436666915.0"
"t1_cszz5ap";"t3_3cxwj2";"1436645250.0"
"t1_ct011zg";"t1_cszz5ap";"1436649058.0"
"t1_ct05jun";"t1_ct011zg";"1436658132.0"
"t1_ct079p1";"t1_ct05jun";"1436661657.0"
"t1_ct084av";"t1_ct05jun";"1436663389.0"
"t1_ct0begp";"t1_ct084av";"1436670303.0"
"t1_ct0fjuf";"t1_ct0begp";"1436679602.0"
"t1_ct0egr6";"t1_ct0begp";"1436676966.0"
"t1_ct0fh45";"t1_ct0begp";"1436679403.0"
"t1_ct0ewy5";"t1_ct0begp";"1436678008.0"
"t1_ct0egfn";"t1_ct084av";"1436676945.0"
"t1_ct0cwgm";"t1_ct084av";"1436673597.0"
"t1_ct0d84g";"t1_ct084av";"1436674280.0"
"t1_ct0blpr";"t1_ct05jun";"1436670735.0"
"t1_ct0cwvz";"t1_ct05jun";"1436673621.0"
"t1_ct0czs8";"t1_ct0cwvz";"1436673784.0"
"t1_ct0daf0";"t1_ct0czs8";"1436674413.0"
"t1_ct0dii1";"t1_ct0daf0";"1436674872.0"
"t1_ct0dov8";"t1_ct0dii1";"1436675262.0"
"t1_ct0fzz6";"t1_ct05jun";"1436680805.0"
"t1_ct0hx8c";"t1_ct05jun";"1436687068.0"
"t1_ct06ga5";"t1_ct011zg";"1436659964.0"
"t1_ct06l0z";"t1_ct06ga5";"1436660239.0"
"t1_ct07imt";"t1_ct06l0z";"1436662168.0"
"t1_ct04na2";"t1_ct011zg";"1436656329.0"
"t1_ct057k5";"t1_ct04na2";"1436657449.0"
"t1_ct07os0";"t1_ct057k5";"1436662515.0"
"t1_ct09qxn";"t1_ct07os0";"1436666840.0"
"t1_ct06vnu";"t1_ct011zg";"1436660863.0"
"t1_ct0eg3c";"t1_ct011zg";"1436676924.0"
"t1_ct0ekq6";"t1_ct0eg3c";"1436677211.0"
"t1_ct03xmu";"t1_ct011zg";"1436654955.0"
"t1_ct04tjt";"t1_ct03xmu";"1436656675.0"
"t1_ct05i99";"t1_ct04tjt";"1436658044.0"
"t1_ct0gsrs";"t1_ct05i99";"1436683191.0"
"t1_ct00yb7";"t1_cszz5ap";"1436648850.0"
"t1_ct02scq";"t1_ct00yb7";"1436652569.0"
"t1_ct0678v";"t1_ct02scq";"1436659447.0"
"t1_ct0hyjf";"t1_ct02scq";"1436687198.0"
"t1_ct0g5qg";"t1_ct00yb7";"1436681259.0"
"t1_ct04iyb";"t1_cszz5ap";"1436656095.0"
"t1_ct0ete3";"t1_ct04iyb";"1436677773.0"
"t1_ct02ec0";"t1_cszz5ap";"1436651779.0"
"t1_ct0fg12";"t1_ct02ec0";"1436679324.0"
"t1_ct01u21";"t1_cszz5ap";"1436650635.0"
"t1_ct07goe";"t1_cszz5ap";"1436662056.0"
"t1_ct0f524";"t1_ct07goe";"1436678559.0"
"t1_ct0dqbo";"t1_cszz5ap";"1436675357.0"
"t1_ct042d0";"t1_cszz5ap";"1436655223.0"
"t1_ct03h21";"t1_cszz5ap";"1436653996.0"
"t1_ct08irg";"t1_cszz5ap";"1436664234.0"
"t1_ct09h66";"t1_cszz5ap";"1436666264.0"
"t1_ct0c1sj";"t1_cszz5ap";"1436671702.0"
"t1_ct0fhm5";"t1_ct0c1sj";"1436679441.0"
"t1_ct0e7of";"t1_cszz5ap";"1436676416.0"
"t1_ct0fgwk";"t1_cszz5ap";"1436679387.0"
"t1_ct0g3pf";"t1_cszz5ap";"1436681100.0"
"t1_ct0h0ua";"t1_cszz5ap";"1436683915.0"
"t1_ct018a9";"t1_cszz5ap";"1436649407.0"
"t1_ct02j5l";"t1_cszz5ap";"1436652049.0"
"t1_ct077jd";"t1_cszz5ap";"1436661531.0"
"t1_ct07wxu";"t1_cszz5ap";"1436662977.0"
"t1_cszydcn";"t3_3cxwj2";"1436643684.0"
"t1_cszyh8n";"t1_cszydcn";"1436643903.0"
"t1_cszynvx";"t1_cszyh8n";"1436644278.0"
"t1_cszyqwv";"t1_cszynvx";"1436644449.0"
"t1_ct00qs5";"t1_cszyqwv";"1436648427.0"
"t1_ct00vui";"t1_ct00qs5";"1436648713.0"
"t1_ct01d2h";"t1_ct00vui";"1436649676.0"
"t1_ct06f9h";"t1_ct01d2h";"1436659908.0"
"t1_ct0755l";"t1_ct06f9h";"1436661397.0"
"t1_ct0chis";"t1_ct06f9h";"1436672669.0"
"t1_ct0doiu";"t1_ct0chis";"1436675238.0"
"t1_ct0cvau";"t1_ct06f9h";"1436673526.0"
"t1_ct0fl71";"t1_ct0cvau";"1436679700.0"
"t1_ct07yjz";"t1_ct06f9h";"1436663065.0"
"t1_ct0g3ys";"t1_ct06f9h";"1436681120.0"
"t1_ct0gwxt";"t1_ct06f9h";"1436683561.0"
"t1_ct0d2pn";"t1_ct00vui";"1436673956.0"
"t1_ct09soe";"t1_cszynvx";"1436666947.0"
"t1_ct09f0k";"t1_cszyh8n";"1436666140.0"
"t1_ct0i46m";"t1_cszyh8n";"1436687804.0"
"t1_cszzord";"t1_cszydcn";"1436646332.0"
"t1_ct00wya";"t1_cszzord";"1436648777.0"
"t1_ct038nc";"t1_ct00wya";"1436653510.0"
"t1_ct09w3h";"t1_ct038nc";"1436667152.0"
"t1_ct0itfi";"t1_ct038nc";"1436690642.0"
"t1_ct0139w";"t1_ct00wya";"1436649126.0"
"t1_ct0i9ft";"t1_ct0139w";"1436688380.0"
"t1_ct0668b";"t1_cszzord";"1436659386.0"
"t1_ct0fkq9";"t1_ct0668b";"1436679665.0"
"t1_ct0g7qm";"t1_ct0668b";"1436681419.0"
"t1_ct0cq5j";"t1_ct0668b";"1436673210.0"
"t1_ct0gv7x";"t1_ct0668b";"1436683408.0"
"t1_cszzdfc";"t1_cszydcn";"1436645703.0"
"t1_cszzsto";"t1_cszzdfc";"1436646563.0"
"t1_ct08gek";"t1_cszydcn";"1436664096.0"
"t1_ct0dzu8";"t1_ct08gek";"1436675938.0"
"t1_ct0ka4o";"t1_ct0dzu8";"1436697425.0"
"t1_ct0ce1y";"t1_cszydcn";"1436672451.0"
"t1_ct0fnie";"t1_cszydcn";"1436679864.0"
"t1_ct0fbxx";"t1_cszydcn";"1436679030.0"
"t1_ct0g9iv";"t1_cszydcn";"1436681563.0"
"t1_ct0ggf1";"t1_cszydcn";"1436682133.0"
"t1_ct0hgsu";"t1_cszydcn";"1436685421.0"
"t1_ct0izjy";"t1_cszydcn";"1436691380.0"
"t1_ct0lgoq";"t1_cszydcn";"1436702580.0"
"t1_ct0lybf";"t1_cszydcn";"1436704469.0"
"t1_cszzxm1";"t1_cszydcn";"1436646826.0"
"t1_ct01sc1";"t1_cszzxm1";"1436650528.0"
"t1_ct0ls8s";"t1_ct01sc1";"1436703828.0"
"t1_ct03rmt";"t1_cszzxm1";"1436654610.0"
"t1_ct0e1a5";"t1_ct03rmt";"1436676024.0"
"t1_cszzmv1";"t1_cszydcn";"1436646223.0"
"t1_ct060ap";"t1_cszzmv1";"1436659043.0"
"t1_ct0825i";"t1_cszydcn";"1436663265.0"
"t1_ct01m2p";"t1_cszydcn";"1436650180.0"
"t1_ct04glm";"t1_cszydcn";"1436655964.0"
"t1_ct04ong";"t1_cszydcn";"1436656405.0"
"t1_ct0669c";"t1_cszydcn";"1436659387.0"
"t1_ct076ie";"t1_cszydcn";"1436661473.0"
"t1_ct01lm5";"t3_3cxwj2";"1436650154.0"
"t1_ct053vu";"t1_ct01lm5";"1436657237.0"
"t1_ct0fbss";"t1_ct01lm5";"1436679021.0"
"t1_ct0kamj";"t1_ct0fbss";"1436697491.0"
"t1_ct0hs4s";"t1_ct01lm5";"1436686535.0"
"t1_ct0du7c";"t1_ct01lm5";"1436675598.0"
"t1_ct0ejwi";"t1_ct01lm5";"1436677160.0"
"t1_ct0gtdx";"t1_ct0ejwi";"1436683245.0"
"t1_ct0h2so";"t1_ct01lm5";"1436684095.0"
"t1_ct0b1x7";"t1_ct01lm5";"1436669569.0"
"t1_ct0cqyd";"t1_ct0b1x7";"1436673260.0"
"t1_cszyk20";"t3_3cxwj2";"1436644062.0"
"t1_ct03u2p";"t1_cszyk20";"1436654750.0"
"t1_ct05a3m";"t1_ct03u2p";"1436657593.0"
"t1_ct05l4b";"t1_ct05a3m";"1436658200.0"
"t1_ct0bywf";"t1_ct05l4b";"1436671531.0"
"t1_ct0g4d4";"t1_ct0bywf";"1436681153.0"
"t1_ct0iq2d";"t1_ct05l4b";"1436690243.0"
"t1_ct079tq";"t1_ct03u2p";"1436661664.0"
"t1_ct04043";"t1_ct03u2p";"1436655096.0"
"t1_ct07lm6";"t1_ct04043";"1436662337.0"
"t1_ct0b2ie";"t1_ct07lm6";"1436669603.0"
"t1_ct0bozo";"t1_ct0b2ie";"1436670935.0"
"t1_ct0hfi1";"t1_ct0bozo";"1436685299.0"
"t1_ct0blvj";"t1_ct07lm6";"1436670746.0"
"t1_ct0dafg";"t1_ct07lm6";"1436674414.0"
"t1_ct0hn5a";"t1_ct07lm6";"1436686026.0"
"t1_ct0kmv0";"t1_ct0hn5a";"1436699086.0"
"t1_ct04dpo";"t1_ct04043";"1436655806.0"
"t1_ct09rx8";"t1_ct04dpo";"1436666902.0"
"t1_ct0lje7";"t1_ct09rx8";"1436702879.0"
"t1_ct04v7c";"t1_ct03u2p";"1436656765.0"
"t1_ct05534";"t1_ct04v7c";"1436657305.0"
"t1_ct076e2";"t1_ct04v7c";"1436661466.0"
"t1_ct0amyn";"t1_ct03u2p";"1436668694.0"
"t1_ct0ay4b";"t1_ct0amyn";"1436669347.0"
"t1_ct0esuv";"t1_ct03u2p";"1436677735.0"
"t1_ct0krl5";"t1_ct03u2p";"1436699680.0"
"t1_ct004s0";"t1_cszyk20";"1436647220.0"
"t1_ct005v1";"t1_ct004s0";"1436647281.0"
"t1_ct007l4";"t1_ct005v1";"1436647378.0"
"t1_ct09r9x";"t1_ct007l4";"1436666862.0"
"t1_ct0lemh";"t1_ct09r9x";"1436702356.0"
"t1_ct0drfi";"t1_ct09r9x";"1436675425.0"
"t1_ct0e3fz";"t1_ct0drfi";"1436676156.0"
"t1_ct0eq27";"t1_ct0e3fz";"1436677551.0"
"t1_ct07e7c";"t1_ct007l4";"1436661914.0"
"t1_ct09gxw";"t1_ct007l4";"1436666250.0"
"t1_ct0bd3i";"t1_ct09gxw";"1436670219.0"
"t1_ct0aelj";"t1_ct09gxw";"1436668205.0"
"t1_ct00xbp";"t1_ct007l4";"1436648797.0"
"t1_ct01932";"t1_ct00xbp";"1436649450.0"
"t1_cszyt1a";"t1_cszyk20";"1436644570.0"
"t1_cszzj5s";"t1_cszyt1a";"1436646018.0"
"t1_cszzrjh";"t1_cszzj5s";"1436646493.0"
"t1_ct01rbs";"t1_cszzrjh";"1436650474.0"
"t1_ct046l4";"t1_ct01rbs";"1436655430.0"
"t1_ct05whq";"t1_ct046l4";"1436658829.0"
"t1_ct09tjc";"t1_ct046l4";"1436666998.0"
"t1_ct0dxe4";"t1_ct09tjc";"1436675793.0"
"t1_ct0g08y";"t1_ct0dxe4";"1436680826.0"
"t1_ct0ab03";"t1_ct01rbs";"1436668008.0"
"t1_ct0j3rc";"t1_ct0ab03";"1436691909.0"
"t1_ct05db9";"t1_ct01rbs";"1436657776.0"
"t1_ct0ij5y";"t1_ct01rbs";"1436689449.0"
"t1_ct0kwag";"t1_ct01rbs";"1436700230.0"
"t1_ct02ynt";"t1_ct01rbs";"1436652933.0"
"t1_ct03462";"t1_ct02ynt";"1436653248.0"
"t1_ct0b250";"t1_ct01rbs";"1436669581.0"
"t1_ct0akpl";"t1_cszzrjh";"1436668560.0"
"t1_ct07l5p";"t1_cszzj5s";"1436662310.0"
"t1_ct0b8j2";"t1_ct07l5p";"1436669946.0"
"t1_ct0dh05";"t1_ct0b8j2";"1436674789.0"
"t1_ct0cvp6";"t1_cszzj5s";"1436673549.0"
"t1_ct02io1";"t1_cszzj5s";"1436652023.0"
"t1_ct01q9s";"t1_cszyt1a";"1436650415.0"
"t1_ct0589t";"t1_ct01q9s";"1436657489.0"
"t1_ct02ic3";"t1_cszyt1a";"1436652004.0"
"t1_ct055te";"t1_ct02ic3";"1436657348.0"
"t1_ct046x7";"t1_cszyt1a";"1436655447.0"
"t1_ct03118";"t1_cszyk20";"1436653068.0"
"t1_ct04yz6";"t1_ct03118";"1436656970.0"
"t1_ct05jix";"t1_ct04yz6";"1436658113.0"
"t1_ct09ruy";"t1_ct03118";"1436666898.0"
"t1_ct0b3zo";"t1_ct03118";"1436669690.0"
"t1_ct03xh3";"t1_cszyk20";"1436654946.0"
"t1_ct078oq";"t1_ct03xh3";"1436661599.0"
"t1_ct048v0";"t1_ct03xh3";"1436655545.0"
"t1_ct09jbj";"t1_cszyk20";"1436666395.0"
"t1_ct0081v";"t1_cszyk20";"1436647405.0"
"t1_ct09j66";"t1_cszyk20";"1436666386.0"
"t1_ct09pnb";"t1_cszyk20";"1436666763.0"
"t1_ct0389n";"t1_cszyk20";"1436653488.0"
"t1_ct03vly";"t1_cszyk20";"1436654837.0"
"t1_ct03xr1";"t1_cszyk20";"1436654962.0"
"t1_ct06my1";"t1_cszyk20";"1436660353.0"
"t1_ct081t4";"t1_cszyk20";"1436663246.0"
"t1_ct08jo5";"t1_cszyk20";"1436664284.0"
"t1_ct0983n";"t1_cszyk20";"1436665722.0"
"t1_ct0b75f";"t1_cszyk20";"1436669870.0"
"t1_ct0blq6";"t1_cszyk20";"1436670736.0"
"t1_ct0bqtn";"t1_cszyk20";"1436671048.0"
"t1_ct0g4m4";"t1_cszyk20";"1436681173.0"
"t1_ct0h20n";"t1_cszyk20";"1436684024.0"
"t1_ct0h2kg";"t1_cszyk20";"1436684075.0"
"t1_ct0j2z2";"t1_cszyk20";"1436691806.0"
"t1_ct02z1u";"t1_cszyk20";"1436652955.0"
"t1_ct09g7m";"t1_cszyk20";"1436666210.0"
"t1_cszzllb";"t1_cszyk20";"1436646154.0"
"t1_ct03za7";"t1_cszyk20";"1436655049.0"
"t1_cszygcd";"t3_3cxwj2";"1436643852.0"
"t1_ct04lag";"t1_cszygcd";"1436656222.0"
"t1_ct0f12o";"t1_ct04lag";"1436678288.0"
"t1_ct0fkp8";"t1_ct0f12o";"1436679664.0"
"t1_cszyy4q";"t1_cszygcd";"1436644851.0"
"t1_cszz53b";"t1_cszyy4q";"1436645238.0"
"t1_cszzyqk";"t1_cszz53b";"1436646887.0"
"t1_ct04g38";"t1_cszzyqk";"1436655935.0"
"t1_ct0h18x";"t1_cszyy4q";"1436683953.0"
"t1_ct0172a";"t1_cszygcd";"1436649338.0"
"t1_ct04xd8";"t1_ct0172a";"1436656880.0"
"t1_ct09kes";"t1_ct04xd8";"1436666457.0"
"t1_ct0fzr9";"t1_ct09kes";"1436680788.0"
"t1_ct01e5u";"t1_ct0172a";"1436649739.0"
"t1_ct09nc2";"t1_ct0172a";"1436666630.0"
"t1_ct0ewep";"t1_ct0172a";"1436677974.0"
"t1_ct0ajlo";"t1_cszygcd";"1436668496.0"
"t1_ct02a2b";"t1_cszygcd";"1436651545.0"
"t1_ct06czp";"t1_cszygcd";"1436659779.0"
"t1_ct07opq";"t1_cszygcd";"1436662511.0"
"t1_ct0bldl";"t1_cszygcd";"1436670715.0"
"t1_ct06a9k";"t1_cszygcd";"1436659624.0"
"t1_ct01rvz";"t1_cszygcd";"1436650504.0"
"t1_ct02pbm";"t1_cszygcd";"1436652397.0"
"t1_ct04l2p";"t1_cszygcd";"1436656210.0"
"t1_ct05muw";"t1_cszygcd";"1436658295.0"
"t1_ct06u68";"t1_cszygcd";"1436660776.0"
"t1_ct0b9qx";"t1_cszygcd";"1436670016.0"
"t1_ct0cih1";"t1_cszygcd";"1436672730.0"
"t1_ct0cp0g";"t1_cszygcd";"1436673140.0"
"t1_ct0cy5s";"t1_cszygcd";"1436673688.0"
"t1_ct0d33o";"t1_cszygcd";"1436673978.0"
"t1_ct0fgu0";"t1_cszygcd";"1436679382.0"
"t1_ct0fmqw";"t1_cszygcd";"1436679807.0"
"t1_ct0h7l5";"t1_cszygcd";"1436684531.0"
"t1_ct0hbxi";"t1_cszygcd";"1436684952.0"
"t1_ct0gkgk";"t1_cszygcd";"1436682471.0"
"t1_ct0j89z";"t1_cszygcd";"1436692479.0"
"t1_cszzchy";"t1_cszygcd";"1436645652.0"
"t1_ct00axd";"t1_cszzchy";"1436647565.0"
"t1_ct0123j";"t3_3cxwj2";"1436649064.0"
"t1_ct024en";"t1_ct0123j";"1436651238.0"
"t1_ct0bgw9";"t1_ct024en";"1436670453.0"
"t1_ct0cj6t";"t1_ct0bgw9";"1436672775.0"
"t1_ct0eejo";"t1_ct0cj6t";"1436676828.0"
"t1_ct0fnw4";"t1_ct0cj6t";"1436679892.0"
"t1_ct0gi7e";"t1_ct0cj6t";"1436682283.0"
"t1_ct0c4ui";"t1_ct0123j";"1436671885.0"
"t1_ct0h53x";"t1_ct0c4ui";"1436684307.0"
"t1_ct0eqhv";"t1_ct0c4ui";"1436677580.0"
"t1_ct01l67";"t1_ct0123j";"1436650129.0"
"t1_ct0ch21";"t1_ct0123j";"1436672639.0"
"t1_ct04v4r";"t1_ct0123j";"1436656761.0"
"t1_ct07c9g";"t1_ct0123j";"1436661801.0"
"t1_ct0ayc6";"t1_ct0123j";"1436669359.0"
"t1_ct0bjui";"t1_ct0123j";"1436670626.0"
"t1_ct0ctbs";"t1_ct0bjui";"1436673410.0"
"t1_ct0dtdg";"t1_ct0123j";"1436675544.0"
"t1_ct0ehyt";"t1_ct0123j";"1436677040.0"
"t1_ct0glgf";"t1_ct0123j";"1436682555.0"
"t1_ct0infd";"t1_ct0123j";"1436689943.0"
"t1_ct0byby";"t1_ct0123j";"1436671498.0"
"t1_ct0cnq1";"t1_ct0123j";"1436673065.0"
"t1_ct04z4x";"t1_ct0123j";"1436656979.0"
"t1_cszye8r";"t3_3cxwj2";"1436643731.0"
"t1_cszyfsh";"t1_cszye8r";"1436643820.0"
"t1_ct01i92";"t1_cszyfsh";"1436649967.0"
"t1_ct0f03m";"t1_cszyfsh";"1436678219.0"
"t1_ct0h3k3";"t1_cszyfsh";"1436684163.0"
"t1_ct0hswz";"t1_ct0h3k3";"1436686617.0"
"t1_ct0jz5h";"t1_ct0h3k3";"1436695967.0"
"t1_ct0jjal";"t1_cszyfsh";"1436693889.0"
"t1_ct0keve";"t1_ct0jjal";"1436698042.0"
"t1_ct050rt";"t1_cszyfsh";"1436657066.0"
"t1_ct0bz42";"t1_cszye8r";"1436671543.0"
"t1_ct0gpao";"t1_cszye8r";"1436682883.0"
"t1_ct0hb32";"t1_cszye8r";"1436684867.0"
"t1_cszydq2";"t3_3cxwj2";"1436643705.0"
"t1_cszz8gn";"t1_cszydq2";"1436645431.0"
"t1_ct02m0c";"t1_cszz8gn";"1436652204.0"
"t1_ct040a5";"t1_ct02m0c";"1436655105.0"
"t1_ct0cep7";"t1_ct040a5";"1436672493.0"
"t1_ct044yk";"t1_ct040a5";"1436655348.0"
"t1_ct04n7i";"t1_ct044yk";"1436656325.0"
"t1_ct07vcn";"t1_ct04n7i";"1436662894.0"
"t1_ct08pn7";"t1_ct07vcn";"1436664634.0"
"t1_ct09cx2";"t1_ct08pn7";"1436666013.0"
"t1_ct0ik51";"t1_ct040a5";"1436689556.0"
"t1_ct0em1t";"t1_ct02m0c";"1436677294.0"
"t1_cszz7re";"t1_cszydq2";"1436645390.0"
"t1_ct0300l";"t1_cszz7re";"1436653009.0"
"t1_ct0adz0";"t1_ct0300l";"1436668170.0"
"t1_ct0ann3";"t1_ct0adz0";"1436668734.0"
"t1_ct0eztc";"t1_ct0adz0";"1436678200.0"
"t1_ct0kuo6";"t1_ct0adz0";"1436700045.0"
"t1_ct0eubf";"t1_ct0adz0";"1436677837.0"
"t1_ct0cf81";"t1_ct0300l";"1436672527.0"
"t1_cszzihw";"t1_cszz7re";"1436645981.0"
"t1_cszzjz6";"t1_cszzihw";"1436646063.0"
"t1_ct00re1";"t1_cszzjz6";"1436648461.0"
"t1_ct0hd2h";"t1_cszz7re";"1436685066.0"
"t1_ct00y5e";"t1_cszydq2";"1436648842.0"
"t1_ct04qdr";"t1_cszydq2";"1436656504.0"
"t1_ct059s3";"t1_ct04qdr";"1436657575.0"
"t1_ct05f4n";"t1_ct059s3";"1436657871.0"
"t1_ct07if0";"t1_cszydq2";"1436662155.0"
"t1_ct07zbn";"t1_ct07if0";"1436663109.0"
"t1_ct0jsgn";"t1_ct07zbn";"1436695079.0"
"t1_ct0kk6e";"t1_ct0jsgn";"1436698736.0"
"t1_ct08qxm";"t1_cszydq2";"1436664710.0"
"t1_ct0jeyt";"t1_cszydq2";"1436693327.0"
"t1_cszyi22";"t1_cszydq2";"1436643948.0"
"t1_cszys89";"t1_cszyi22";"1436644521.0"
"t1_cszyxof";"t1_cszys89";"1436644827.0"
"t1_ct091h8";"t1_cszydq2";"1436665327.0"
"t1_cszyw5x";"t3_3cxwj2";"1436644745.0"
"t1_ct03aij";"t1_cszyw5x";"1436653613.0"
"t1_ct03wea";"t1_ct03aij";"1436654883.0"
"t1_ct055ir";"t1_ct03wea";"1436657329.0"
"t1_ct06rro";"t1_ct055ir";"1436660636.0"
"t1_ct094lf";"t1_ct03wea";"1436665517.0"
"t1_ct09uhm";"t1_ct094lf";"1436667057.0"
"t1_ct0aele";"t1_ct09uhm";"1436668205.0"
"t1_ct06ibm";"t1_ct03aij";"1436660082.0"
"t1_ct0agp4";"t1_ct06ibm";"1436668325.0"
"t1_ct0hf84";"t1_ct0agp4";"1436685274.0"
"t1_ct0enx1";"t1_ct06ibm";"1436677413.0"
"t1_ct0anv1";"t1_ct06ibm";"1436668747.0"
"t1_ct0avwk";"t1_ct06ibm";"1436669216.0"
"t1_ct0b7vt";"t1_ct06ibm";"1436669910.0"
"t1_ct0eyao";"t1_ct0b7vt";"1436678099.0"
"t1_ct0ejh4";"t1_ct06ibm";"1436677132.0"
"t1_ct0fkj0";"t1_ct06ibm";"1436679650.0"
"t1_ct0j8l3";"t1_ct06ibm";"1436692517.0"
"t1_ct0ekh3";"t1_ct06ibm";"1436677195.0"
"t1_ct0g56k";"t1_ct06ibm";"1436681217.0"
"t1_ct05raf";"t1_ct03aij";"1436658540.0"
"t1_ct00czd";"t1_cszyw5x";"1436647676.0"
"t1_ct04125";"t1_ct00czd";"1436655150.0"
"t1_ct04uiy";"t1_ct04125";"1436656728.0"
"t1_ct0cn0z";"t1_ct04uiy";"1436673017.0"
"t1_ct0fbat";"t1_ct0cn0z";"1436678987.0"
"t1_ct0fd89";"t1_ct0fbat";"1436679121.0"
"t1_ct0evba";"t1_ct04uiy";"1436677901.0"
"t1_ct0fe7y";"t1_ct0evba";"1436679192.0"
"t1_ct0fwvb";"t1_ct0fe7y";"1436680570.0"
"t1_ct0eytn";"t1_ct04uiy";"1436678135.0"
"t1_ct01owe";"t1_ct00czd";"1436650339.0"
"t1_ct02ye9";"t1_ct01owe";"1436652918.0"
"t1_ct03as8";"t1_ct01owe";"1436653629.0"
"t1_ct05gnf";"t1_ct03as8";"1436657956.0"
"t1_ct07f8m";"t1_ct05gnf";"1436661972.0"
"t1_ct07qw3";"t1_ct07f8m";"1436662634.0"
"t1_ct07xkh";"t1_ct07qw3";"1436663013.0"
"t1_ct03e86";"t1_ct01owe";"1436653828.0"
"t1_ct01z8t";"t1_ct00czd";"1436650947.0"
"t1_ct08amx";"t1_ct01z8t";"1436663755.0"
"t1_ct09n4c";"t1_ct08amx";"1436666617.0"
"t1_ct055k9";"t1_ct01z8t";"1436657332.0"
"t1_ct09mnp";"t1_ct01z8t";"1436666591.0"
"t1_ct0e8to";"t1_ct01z8t";"1436676485.0"
"t1_ct0ez4o";"t1_ct0e8to";"1436678154.0"
"t1_ct056mc";"t1_ct00czd";"1436657394.0"
"t1_ct073bj";"t1_ct00czd";"1436661295.0"
"t1_ct07jir";"t1_ct00czd";"1436662219.0"
"t1_ct08jgx";"t1_ct00czd";"1436664273.0"
"t1_ct09ie8";"t1_cszyw5x";"1436666338.0"
"t1_ct0bg8l";"t1_cszyw5x";"1436670410.0"
"t1_ct0e8pf";"t1_cszyw5x";"1436676478.0"
"t1_ct0i84g";"t1_cszyw5x";"1436688232.0"
"t1_ct06haf";"t1_cszyw5x";"1436660022.0"
"t1_ct0f76d";"t1_ct06haf";"1436678701.0"
"t1_ct08898";"t1_cszyw5x";"1436663618.0"
"t1_ct0257o";"t1_cszyw5x";"1436651285.0"
"t1_ct0943r";"t1_cszyw5x";"1436665490.0"
"t1_ct0e8k0";"t1_cszyw5x";"1436676468.0"
"t1_ct0j0gg";"t1_cszyw5x";"1436691499.0"
"t1_ct0jxvj";"t1_ct0j0gg";"1436695790.0"
"t1_ct0ki4p";"t1_ct0jxvj";"1436698463.0"
"t1_ct0bf28";"t3_3cxwj2";"1436670338.0"
"t1_ct0capr";"t1_ct0bf28";"1436672240.0"
"t1_ct0ecd8";"t1_ct0capr";"1436676694.0"
"t1_ct0exfb";"t1_ct0ecd8";"1436678041.0"
"t1_ct0f04h";"t1_ct0exfb";"1436678221.0"
"t1_ct0f49b";"t1_ct0exfb";"1436678504.0"
"t1_ct0f5kv";"t1_ct0f49b";"1436678593.0"
"t1_ct0g886";"t1_ct0f5kv";"1436681458.0"
"t1_ct0gcwr";"t1_ct0exfb";"1436681843.0"
"t1_ct0h3r9";"t1_ct0exfb";"1436684180.0"
"t1_ct0i0e8";"t1_ct0ecd8";"1436687398.0"
"t1_ct0h1w4";"t1_ct0capr";"1436684014.0"
"t1_ct0iff1";"t1_ct0bf28";"1436689032.0"
"t1_ct0io6p";"t1_ct0bf28";"1436690029.0"
"t1_ct0jo42";"t1_ct0bf28";"1436694516.0"
"t1_ct0lc1v";"t1_ct0jo42";"1436702061.0"
"t1_ct0lhen";"t1_ct0lc1v";"1436702659.0"
"t1_ct0lb3u";"t1_ct0bf28";"1436701956.0"
"t1_ct06lw3";"t3_3cxwj2";"1436660290.0"
"t1_ct0g0in";"t1_ct06lw3";"1436680848.0"
"t1_ct0h809";"t1_ct0g0in";"1436684572.0"
"t1_ct0iz33";"t1_ct0h809";"1436691325.0"
"t1_ct0ehsc";"t1_ct06lw3";"1436677028.0"
"t1_ct0g3jo";"t1_ct0ehsc";"1436681087.0"
"t1_ct0f2s1";"t1_ct06lw3";"1436678405.0"
"t1_ct05lx4";"t3_3cxwj2";"1436658245.0"
"t1_cszyxmd";"t3_3cxwj2";"1436644824.0"
"t1_cszzrdo";"t1_cszyxmd";"1436646485.0"
"t1_ct0bt7a";"t1_cszzrdo";"1436671189.0"
"t1_ct0fagc";"t1_ct0bt7a";"1436678929.0"
"t1_ct059er";"t1_cszzrdo";"1436657553.0"
"t1_ct06k7i";"t1_ct059er";"1436660190.0"
"t1_ct0av9a";"t1_ct06k7i";"1436669180.0"
"t1_ct0c5tw";"t1_ct059er";"1436671944.0"
"t1_ct020af";"t1_cszyxmd";"1436651010.0"
"t1_ct07cw1";"t1_ct020af";"1436661838.0"
"t1_ct0cyyl";"t1_ct07cw1";"1436673735.0"
"t1_ct0kl5s";"t1_ct07cw1";"1436698867.0"
"t1_ct0lx7n";"t1_ct07cw1";"1436704353.0"
"t1_ct02hfn";"t1_ct020af";"1436651953.0"
"t1_ct05hk3";"t1_ct02hfn";"1436658008.0"
"t1_ct05skh";"t1_ct05hk3";"1436658615.0"
"t1_ct066or";"t1_ct05skh";"1436659413.0"
"t1_ct06dfy";"t1_ct066or";"1436659805.0"
"t1_ct0h0tm";"t1_ct06dfy";"1436683914.0"
"t1_ct0ln5y";"t1_ct0h0tm";"1436703294.0"
"t1_ct0i2fe";"t1_ct05hk3";"1436687613.0"
"t1_ct0bi8h";"t1_ct02hfn";"1436670531.0"
"t1_ct0c6i7";"t1_ct0bi8h";"1436671983.0"
"t1_ct0hc93";"t1_ct020af";"1436684984.0"
"t1_ct0ahma";"t1_cszyxmd";"1436668380.0"
"t1_ct0fqmi";"t1_cszyxmd";"1436680093.0"
"t1_ct05879";"t1_cszyxmd";"1436657485.0"
"t1_ct042hi";"t1_cszyxmd";"1436655230.0"
"t1_ct0d716";"t1_cszyxmd";"1436674210.0"
"t1_ct0hyn3";"t1_cszyxmd";"1436687208.0"
"t1_ct01aii";"t1_cszyxmd";"1436649528.0"
"t1_ct02h9l";"t1_ct01aii";"1436651943.0"
"t1_ct02mc1";"t1_ct02h9l";"1436652222.0"
"t1_ct04cwz";"t1_ct02mc1";"1436655765.0"
"t1_ct05fsn";"t1_cszyxmd";"1436657909.0"
"t1_ct09xhh";"t1_cszyxmd";"1436667232.0"
"t1_ct0h5xk";"t1_cszyxmd";"1436684382.0"
"t1_cszzqtw";"t3_3cxwj2";"1436646453.0"
"t1_ct0en64";"t1_cszzqtw";"1436677366.0"
"t1_ct0kqma";"t1_ct0en64";"1436699559.0"
"t1_cszzyqc";"t1_cszzqtw";"1436646886.0"
"t1_ct0j5hl";"t1_cszzqtw";"1436692133.0"
"t1_cszyhei";"t3_3cxwj2";"1436643911.0"
"t1_ct05f76";"t1_cszyhei";"1436657875.0"
"t1_ct0buoc";"t1_ct05f76";"1436671281.0"
"t1_ct09mhm";"t1_cszyhei";"1436666581.0"
"t1_ct0ekm5";"t1_ct09mhm";"1436677204.0"
"t1_ct0f1bb";"t1_ct0ekm5";"1436678306.0"
"t1_ct0i7it";"t1_ct09mhm";"1436688165.0"
"t1_ct067uc";"t1_cszyhei";"1436659483.0"
"t1_ct08qjc";"t1_cszyhei";"1436664686.0"
"t1_ct0e7ny";"t1_ct08qjc";"1436676415.0"
"t1_ct0iw0j";"t1_ct08qjc";"1436690952.0"
"t1_ct0btyd";"t1_ct08qjc";"1436671237.0"
"t1_ct0kdtz";"t1_ct08qjc";"1436697909.0"
"t1_ct02l55";"t1_cszyhei";"1436652154.0"
"t1_ct04cej";"t1_ct02l55";"1436655738.0"
"t1_ct076tk";"t1_ct04cej";"1436661491.0"
"t1_ct0g0kn";"t1_ct04cej";"1436680851.0"
"t1_ct0af2p";"t1_ct04cej";"1436668233.0"
"t1_ct0dt6p";"t1_ct04cej";"1436675533.0"
"t1_ct0havx";"t1_ct02l55";"1436684847.0"
"t1_ct0hcke";"t1_ct0havx";"1436685015.0"
"t1_ct07htg";"t1_ct02l55";"1436662122.0"
"t1_ct07sv2";"t1_ct07htg";"1436662749.0"
"t1_ct09dgu";"t1_ct07sv2";"1436666046.0"
"t1_ct07br0";"t1_ct02l55";"1436661772.0"
"t1_ct09c3w";"t1_ct02l55";"1436665961.0"
"t1_ct04tit";"t1_ct02l55";"1436656674.0"
"t1_ct08lky";"t1_ct02l55";"1436664396.0"
"t1_ct090ux";"t1_ct08lky";"1436665294.0"
"t1_ct097qy";"t1_ct090ux";"1436665702.0"
"t1_ct083ei";"t1_ct02l55";"1436663337.0"
"t1_ct0ayz1";"t1_cszyhei";"1436669394.0"
"t1_ct078n2";"t1_cszyhei";"1436661596.0"
"t1_ct08kbd";"t1_cszyhei";"1436664322.0"
"t1_ct0e2js";"t1_cszyhei";"1436676100.0"
"t1_ct03ud6";"t1_cszyhei";"1436654767.0"
"t1_ct05rwr";"t1_ct03ud6";"1436658577.0"
"t1_ct0aa2b";"t1_ct05rwr";"1436667955.0"
"t1_ct04pjl";"t1_cszyhei";"1436656456.0"
"t1_ct09bf6";"t1_cszyhei";"1436665920.0"
"t1_ct0f1oq";"t1_cszyhei";"1436678332.0"
"t1_ct0gyq7";"t1_cszyhei";"1436683727.0"
"t1_ct0hn9x";"t1_cszyhei";"1436686038.0"
"t1_ct0i8u7";"t1_cszyhei";"1436688312.0"
"t1_ct0ixqq";"t1_cszyhei";"1436691163.0"
"t1_ct09kzr";"t1_cszyhei";"1436666492.0"
"t1_ct0fuoq";"t1_cszyhei";"1436680410.0"
"t1_ct07bi4";"t1_cszyhei";"1436661759.0"
"t1_ct09dq3";"t1_ct07bi4";"1436666063.0"
"t1_ct0gtdf";"t1_cszyhei";"1436683244.0"
"t1_cszyd1r";"t3_3cxwj2";"1436643667.0"
"t1_cszyp6y";"t1_cszyd1r";"1436644352.0"
"t1_cszz9pf";"t1_cszyd1r";"1436645499.0"
"t1_ct08vkb";"t1_cszz9pf";"1436664979.0"
"t1_ct0lfhh";"t1_cszz9pf";"1436702449.0"
"t1_ct08yho";"t1_cszz9pf";"1436665154.0"
"t1_ct05gaz";"t1_cszz9pf";"1436657937.0"
"t1_ct079hc";"t1_cszyd1r";"1436661644.0"
"t1_ct00uqt";"t1_cszyd1r";"1436648653.0"
"t1_ct03dxi";"t1_ct00uqt";"1436653811.0"
"t1_ct03hl3";"t1_ct03dxi";"1436654025.0"
"t1_ct0gy9o";"t1_ct03dxi";"1436683684.0"
"t1_ct0995d";"t1_cszyd1r";"1436665783.0"
"t1_ct0aujx";"t1_cszyd1r";"1436669139.0"
"t1_ct0j5qa";"t1_cszyd1r";"1436692163.0"
"t1_cszye3t";"t1_cszyd1r";"1436643724.0"
"t1_ct01m74";"t1_cszye3t";"1436650187.0"
"t1_cszyic3";"t1_cszye3t";"1436643964.0"
"t1_cszyiz8";"t1_cszyic3";"1436644001.0"
"t1_ct02xzx";"t3_3cxwj2";"1436652895.0"
"t1_ct0em4b";"t1_ct02xzx";"1436677300.0"
"t1_ct00of2";"t3_3cxwj2";"1436648301.0"
"t1_ct02h9x";"t1_ct00of2";"1436651944.0"
"t1_ct05rpk";"t1_ct02h9x";"1436658564.0"
"t1_ct062md";"t1_ct05rpk";"1436659175.0"
"t1_ct0a8mo";"t1_ct05rpk";"1436667874.0"
"t1_ct0ac8w";"t1_ct0a8mo";"1436668075.0"
"t1_ct086p0";"t1_ct02h9x";"1436663529.0"
"t1_ct01zzt";"t1_ct00of2";"1436650992.0"
"t1_ct07h2l";"t1_ct00of2";"1436662078.0"
"t1_ct0c9fx";"t1_ct00of2";"1436672161.0"
"t1_ct0jrm2";"t1_ct00of2";"1436694967.0"
"t1_ct04rdy";"t1_ct00of2";"1436656561.0"
"t1_ct0heu7";"t1_ct00of2";"1436685237.0"
"t1_ct0hhqa";"t1_ct0heu7";"1436685509.0"
"t1_ct01w7i";"t3_3cxwj2";"1436650769.0"
"t1_ct090pa";"t1_ct01w7i";"1436665284.0"
"t1_ct06dm5";"t1_ct01w7i";"1436659815.0"
"t1_ct0d42w";"t1_ct01w7i";"1436674035.0"
"t1_ct0hyam";"t1_ct01w7i";"1436687174.0"
"t1_ct0jn2l";"t1_ct0hyam";"1436694385.0"
"t1_ct0bvgl";"t1_ct01w7i";"1436671325.0"
"t1_ct0fzqe";"t1_ct01w7i";"1436680786.0"
"t1_ct0h504";"t1_ct01w7i";"1436684297.0"
"t1_ct0k1c1";"t1_ct01w7i";"1436696262.0"
"t1_cszycw2";"t3_3cxwj2";"1436643658.0"
"t1_ct07e7w";"t1_cszycw2";"1436661915.0"
"t1_ct07ica";"t1_ct07e7w";"1436662151.0"
"t1_ct0h8tk";"t1_ct07ica";"1436684650.0"
"t1_ct0a173";"t1_ct07ica";"1436667451.0"
"t1_ct0dker";"t1_cszycw2";"1436674984.0"
"t1_ct0dcmi";"t1_cszycw2";"1436674537.0"
"t1_ct0di0i";"t1_ct0dcmi";"1436674846.0"
"t1_ct0gewi";"t1_cszycw2";"1436682008.0"
"t1_ct09382";"t1_cszycw2";"1436665434.0"
"t1_ct0a7sy";"t1_cszycw2";"1436667828.0"
"t1_ct0gdlc";"t1_ct0a7sy";"1436681900.0"
"t1_ct0if8r";"t1_ct0gdlc";"1436689012.0"
"t1_ct0bezn";"t1_cszycw2";"1436670334.0"
"t1_ct038sm";"t1_cszycw2";"1436653518.0"
"t1_ct00d4u";"t3_3cxwj2";"1436647684.0"
"t1_ct01slk";"t1_ct00d4u";"1436650542.0"
"t1_ct01xsm";"t1_ct01slk";"1436650861.0"
"t1_ct02lv8";"t1_ct01slk";"1436652196.0"
"t1_ct02oce";"t1_ct02lv8";"1436652338.0"
"t1_ct050jr";"t1_ct01slk";"1436657055.0"
"t1_ct054c6";"t1_ct01slk";"1436657261.0"
"t1_ct0227s";"t1_ct00d4u";"1436651117.0"
"t1_ct00jzh";"t3_3cxwj2";"1436648061.0"
"t1_ct08gx6";"t1_ct00jzh";"1436664127.0"
"t1_ct0m17d";"t1_ct08gx6";"1436704764.0"
"t1_ct06363";"t1_ct00jzh";"1436659207.0"
"t1_ct084zy";"t1_ct06363";"1436663431.0"
"t1_ct0coq8";"t1_ct00jzh";"1436673123.0"
"t1_ct0gzre";"t1_ct00jzh";"1436683818.0"
"t1_ct0ir3p";"t1_ct00jzh";"1436690362.0"
"t1_ct0l12u";"t1_ct00jzh";"1436700796.0"
"t1_ct05h2e";"t1_ct00jzh";"1436657980.0"
"t1_ct084rm";"t1_ct05h2e";"1436663416.0"
"t1_ct040kc";"t1_ct00jzh";"1436655121.0"
"t1_ct044tv";"t1_ct040kc";"1436655342.0"
"t1_ct07j3p";"t1_ct040kc";"1436662196.0"
"t1_ct0iyvw";"t1_ct040kc";"1436691302.0"
"t1_ct0j175";"t1_ct0iyvw";"1436691587.0"
"t1_ct0k10f";"t1_ct0j175";"1436696221.0"
"t1_ct0j1nj";"t1_ct0j175";"1436691641.0"
"t1_ct0j2qd";"t1_ct0j1nj";"1436691773.0"
"t1_ct02ygz";"t3_3cxwj2";"1436652922.0"
"t1_cszzmiz";"t3_3cxwj2";"1436646206.0"
"t1_ct01d15";"t1_cszzmiz";"1436649674.0"
"t1_ct06ai0";"t1_ct01d15";"1436659636.0"
"t1_ct0gahe";"t1_ct06ai0";"1436681641.0"
"t1_ct0h0un";"t1_ct06ai0";"1436683916.0"
"t1_ct04j40";"t1_ct01d15";"1436656103.0"
"t1_ct0lnpp";"t1_ct04j40";"1436703355.0"
"t1_ct0ac2r";"t1_ct01d15";"1436668066.0"
"t1_ct0aec4";"t1_ct01d15";"1436668191.0"
"t1_ct0i9ct";"t1_ct01d15";"1436688372.0"
"t1_ct0lo4s";"t1_ct0i9ct";"1436703399.0"
"t1_ct04h3o";"t1_cszzmiz";"1436655992.0"
"t1_ct07znl";"t1_ct04h3o";"1436663126.0"
"t1_ct09378";"t1_ct07znl";"1436665433.0"
"t1_ct0aqu3";"t1_ct07znl";"1436668920.0"
"t1_ct0b5uf";"t1_ct07znl";"1436669797.0"
"t1_ct0cgbp";"t1_ct07znl";"1436672594.0"
"t1_ct0clvh";"t1_ct07znl";"1436672943.0"
"t1_ct0dffm";"t1_ct07znl";"1436674696.0"
"t1_ct0h97u";"t1_ct07znl";"1436684686.0"
"t1_ct0id17";"t1_ct07znl";"1436688774.0"
"t1_ct0cnho";"t1_ct07znl";"1436673049.0"
"t1_ct0e2tw";"t1_ct07znl";"1436676117.0"
"t1_ct09nfb";"t1_ct04h3o";"1436666635.0"
"t1_ct06771";"t1_ct04h3o";"1436659443.0"
"t1_ct0gxhn";"t1_ct04h3o";"1436683613.0"
"t1_ct0gxpo";"t1_ct04h3o";"1436683633.0"
"t1_ct0h5x8";"t1_ct04h3o";"1436684381.0"
"t1_ct05wzs";"t1_ct04h3o";"1436658855.0"
"t1_ct09r9s";"t1_ct04h3o";"1436666862.0"
"t1_ct02iiy";"t1_cszzmiz";"1436652016.0"
"t1_ct04fdk";"t1_ct02iiy";"1436655894.0"
"t1_ct071l0";"t1_ct04fdk";"1436661195.0"
"t1_ct0bxm9";"t1_ct071l0";"1436671456.0"
"t1_ct0lh44";"t1_ct0bxm9";"1436702626.0"
"t1_ct0k7pb";"t1_ct04fdk";"1436697099.0"
"t1_ct030lg";"t1_ct02iiy";"1436653041.0"
"t1_ct08eio";"t1_ct030lg";"1436663984.0"
"t1_ct0k22f";"t1_ct08eio";"1436696360.0"
"t1_ct034v5";"t1_ct02iiy";"1436653288.0"
"t1_ct05622";"t1_ct02iiy";"1436657362.0"
"t1_ct06bnc";"t1_ct02iiy";"1436659702.0"
"t1_ct06n3y";"t1_ct02iiy";"1436660362.0"
"t1_ct06nm2";"t1_ct06n3y";"1436660395.0"
"t1_ct09pn9";"t1_ct02iiy";"1436666763.0"
"t1_ct0cgks";"t1_ct02iiy";"1436672610.0"
"t1_ct0eqef";"t1_ct0cgks";"1436677573.0"
"t1_ct0chqc";"t1_ct0cgks";"1436672683.0"
"t1_ct0ckt5";"t1_ct02iiy";"1436672877.0"
"t1_ct0clvk";"t1_ct0ckt5";"1436672943.0"
"t1_ct0h1m4";"t1_ct02iiy";"1436683987.0"
"t1_ct0ikao";"t1_ct02iiy";"1436689573.0"
"t1_ct05kd6";"t1_cszzmiz";"1436658159.0"
"t1_ct06nnz";"t1_ct05kd6";"1436660398.0"
"t1_ct07cfb";"t1_ct06nnz";"1436661811.0"
"t1_ct02tvp";"t1_cszzmiz";"1436652652.0"
"t1_ct03ol6";"t1_cszzmiz";"1436654432.0"
"t1_ct06dw1";"t1_ct03ol6";"1436659830.0"
"t1_ct09uww";"t1_ct06dw1";"1436667082.0"
"t1_ct0amln";"t1_ct09uww";"1436668674.0"
"t1_ct0d2pg";"t1_ct03ol6";"1436673955.0"
"t1_ct0726g";"t1_ct03ol6";"1436661229.0"
"t1_ct06zsv";"t1_cszzmiz";"1436661093.0"
"t1_ct03pov";"t1_cszzmiz";"1436654498.0"
"t1_ct048cy";"t1_cszzmiz";"1436655520.0"
"t1_ct04pyc";"t1_cszzmiz";"1436656479.0"
"t1_ct068zr";"t1_cszzmiz";"1436659550.0"
"t1_ct069o2";"t1_cszzmiz";"1436659588.0"
"t1_ct08tdc";"t1_cszzmiz";"1436664850.0"
"t1_ct09jrd";"t1_cszzmiz";"1436666420.0"
"t1_ct0atji";"t1_cszzmiz";"1436669078.0"
"t1_ct0de1t";"t1_cszzmiz";"1436674620.0"
"t1_ct0kac4";"t1_ct0de1t";"1436697452.0"
"t1_ct0doao";"t1_cszzmiz";"1436675224.0"
"t1_ct0dz8s";"t1_cszzmiz";"1436675900.0"
"t1_ct0eppg";"t1_cszzmiz";"1436677526.0"
"t1_ct0g2xd";"t1_cszzmiz";"1436681036.0"
"t1_ct0g5ms";"t1_cszzmiz";"1436681252.0"
"t1_ct0gax3";"t1_cszzmiz";"1436681678.0"
"t1_ct0j0hv";"t1_cszzmiz";"1436691504.0"
"t1_ct02gg7";"t1_cszzmiz";"1436651898.0"
"t1_ct03ikx";"t1_cszzmiz";"1436654083.0"
"t1_ct0873w";"t1_cszzmiz";"1436663553.0"
"t1_ct097i1";"t3_3cxwj2";"1436665687.0"
"t1_ct0goka";"t1_ct097i1";"1436682818.0"
"t1_ct0jzg0";"t1_ct0goka";"1436696002.0"
"t1_ct0f577";"t1_ct097i1";"1436678568.0"
"t1_ct0fr4p";"t1_ct097i1";"1436680135.0"
"t1_ct0ebbv";"t1_ct097i1";"1436676632.0"
"t1_ct0fsxu";"t1_ct097i1";"1436680275.0"
"t1_ct0h8lg";"t1_ct097i1";"1436684628.0"
"t1_ct0hdcg";"t1_ct097i1";"1436685096.0"
"t1_ct0iq49";"t1_ct097i1";"1436690249.0"
"t1_ct0awcb";"t3_3cxwj2";"1436669241.0"
"t1_ct0f2fo";"t1_ct0awcb";"1436678382.0"
"t1_ct0fqkk";"t1_ct0f2fo";"1436680089.0"
"t1_cszyqi0";"t3_3cxwj2";"1436644425.0"
"t1_ct01sna";"t1_cszyqi0";"1436650545.0"
"t1_ct02tpm";"t1_ct01sna";"1436652644.0"
"t1_ct01w5x";"t1_cszyqi0";"1436650766.0"
"t1_ct04hxl";"t1_ct01w5x";"1436656040.0"
"t1_ct07qlu";"t1_ct04hxl";"1436662618.0"
"t1_ct0gegq";"t1_ct01w5x";"1436681970.0"
"t1_ct015tb";"t1_cszyqi0";"1436649268.0"
"t1_ct02qla";"t1_ct015tb";"1436652470.0"
"t1_ct05ikk";"t1_ct02qla";"1436658060.0"
"t1_ct058eg";"t1_cszyqi0";"1436657497.0"
"t1_ct0alpy";"t1_ct058eg";"1436668623.0"
"t1_ct0brzf";"t1_ct0alpy";"1436671115.0"
"t1_ct02pqf";"t1_cszyqi0";"1436652420.0"
"t1_ct03pzh";"t1_ct02pqf";"1436654514.0"
"t1_ct0e2og";"t1_cszyqi0";"1436676109.0"
"t1_ct0g5cc";"t1_cszyqi0";"1436681229.0"
"t1_ct0hax4";"t1_cszyqi0";"1436684851.0"
"t1_ct0jn16";"t1_cszyqi0";"1436694379.0"
"t1_ct09nru";"t1_cszyqi0";"1436666654.0"
"t1_ct0cp4k";"t1_cszyqi0";"1436673147.0"
"t1_ct01tur";"t1_cszyqi0";"1436650622.0"
"t1_ct04v81";"t1_ct01tur";"1436656766.0"
"t1_ct069r6";"t1_ct04v81";"1436659594.0"
"t1_ct08tcd";"t1_ct01tur";"1436664849.0"
"t1_ct0amlw";"t3_3cxwj2";"1436668675.0"
"t1_ct0h488";"t1_ct0amlw";"1436684224.0"
"t1_ct0kbpz";"t1_ct0h488";"1436697635.0"
"t1_ct0m1vr";"t1_ct0kbpz";"1436704829.0"
"t1_ct0ddri";"t1_ct0amlw";"1436674604.0"
"t1_ct0eyu6";"t1_ct0ddri";"1436678135.0"
"t1_ct0gpbt";"t1_ct0ddri";"1436682886.0"
"t1_ct0ewxo";"t1_ct0amlw";"1436678007.0"
"t1_ct0hj9w";"t1_ct0amlw";"1436685657.0"
"t1_ct0ked4";"t1_ct0amlw";"1436697978.0"
"t1_ct0f6vf";"t1_ct0amlw";"1436678679.0"
"t1_ct0hdf1";"t1_ct0f6vf";"1436685102.0"
"t1_ct0gcm5";"t1_ct0amlw";"1436681819.0"
"t1_ct0h5xq";"t1_ct0amlw";"1436684383.0"
"t1_ct0j7a5";"t1_ct0amlw";"1436692349.0"
"t1_ct0ls4h";"t1_ct0amlw";"1436703814.0"
"t1_ct0golw";"t1_ct0amlw";"1436682823.0"
"t1_ct00iwx";"t3_3cxwj2";"1436647999.0"
"t1_ct01cuo";"t1_ct00iwx";"1436649664.0"
"t1_ct03j1t";"t1_ct01cuo";"1436654109.0"
"t1_ct0bgas";"t1_ct03j1t";"1436670414.0"
"t1_ct03rc7";"t1_ct01cuo";"1436654593.0"
"t1_ct0aqwt";"t1_ct03rc7";"1436668924.0"
"t1_ct0gnwj";"t1_ct0aqwt";"1436682762.0"
"t1_ct04kqt";"t1_ct03rc7";"1436656192.0"
"t1_ct04zdc";"t1_ct03rc7";"1436656990.0"
"t1_ct0i6zh";"t1_ct04zdc";"1436688106.0"
"t1_ct0a6ts";"t1_ct03rc7";"1436667775.0"
"t1_ct01itt";"t1_ct01cuo";"1436649999.0"
"t1_ct0ia4j";"t1_ct01itt";"1436688456.0"
"t1_ct0k20i";"t1_ct0ia4j";"1436696352.0"
"t1_ct0b6gr";"t1_ct01itt";"1436669830.0"
"t1_ct09bh3";"t1_ct01cuo";"1436665923.0"
"t1_ct099ze";"t1_ct01cuo";"1436665832.0"
"t1_ct04ifb";"t1_ct00iwx";"1436656066.0"
"t1_ct05o3s";"t1_ct04ifb";"1436658365.0"
"t1_ct08m47";"t1_ct04ifb";"1436664429.0"
"t1_ct0at34";"t1_ct04ifb";"1436669051.0"
"t1_ct01ti3";"t1_ct00iwx";"1436650598.0"
"t1_ct02cx9";"t1_ct00iwx";"1436651699.0"
"t1_ct02swq";"t1_ct02cx9";"1436652601.0"
"t1_ct02uny";"t1_ct02swq";"1436652698.0"
"t1_ct073cs";"t1_ct02uny";"1436661297.0"
"t1_ct032ot";"t1_ct02uny";"1436653164.0"
"t1_ct032lq";"t1_ct02swq";"1436653158.0"
"t1_ct034za";"t1_ct032lq";"1436653295.0"
"t1_ct03df0";"t1_ct034za";"1436653781.0"
"t1_ct03vtx";"t1_ct02swq";"1436654850.0"
"t1_ct0459s";"t1_ct03vtx";"1436655364.0"
"t1_ct047zv";"t1_ct0459s";"1436655502.0"
"t1_ct04ecz";"t1_ct047zv";"1436655840.0"
"t1_ct05h48";"t1_ct047zv";"1436657982.0"
"t1_ct05lbp";"t1_ct05h48";"1436658212.0"
"t1_ct05omt";"t1_ct05lbp";"1436658394.0"
"t1_ct08t64";"t1_ct05omt";"1436664839.0"
"t1_ct0gh5k";"t1_ct02cx9";"1436682196.0"
"t1_ct03ta7";"t1_ct00iwx";"1436654705.0"
"t1_ct08hgf";"t1_ct00iwx";"1436664158.0"
"t1_ct0c81b";"t1_ct00iwx";"1436672076.0"
"t1_ct0cp1t";"t1_ct00iwx";"1436673142.0"
"t1_ct0eosa";"t1_ct00iwx";"1436677466.0"
"t1_ct0g7nd";"t1_ct00iwx";"1436681412.0"
"t1_ct0ivsh";"t1_ct00iwx";"1436690926.0"
"t1_ct0lz3d";"t1_ct00iwx";"1436704551.0"
"t1_ct04eih";"t1_ct00iwx";"1436655848.0"
"t1_ct04r9o";"t1_ct04eih";"1436656555.0"
"t1_ct04tfh";"t1_ct04r9o";"1436656669.0"
"t1_ct05srx";"t1_ct04tfh";"1436658626.0"
"t1_ct074cu";"t1_ct05srx";"1436661353.0"
"t1_ct04svh";"t1_ct00iwx";"1436656640.0"
"t1_ct08tab";"t1_ct04svh";"1436664846.0"
"t1_ct09ngu";"t1_ct00iwx";"1436666638.0"
"t1_ct0es02";"t1_ct09ngu";"1436677680.0"
"t1_cszz081";"t3_3cxwj2";"1436644969.0"
"t1_ct032wu";"t1_cszz081";"1436653176.0"
"t1_ct05kn1";"t1_ct032wu";"1436658174.0"
"t1_ct05xhb";"t1_ct05kn1";"1436658884.0"
"t1_ct05zs5";"t1_ct05xhb";"1436659014.0"
"t1_ct0659v";"t1_ct05zs5";"1436659327.0"
"t1_ct0gd8y";"t1_ct0659v";"1436681871.0"
"t1_ct067x8";"t1_ct05zs5";"1436659487.0"
"t1_ct0h7lc";"t1_ct032wu";"1436684531.0"
"t1_ct01gdo";"t1_cszz081";"1436649862.0"
"t1_ct07u1o";"t1_ct01gdo";"1436662820.0"
"t1_ct0e308";"t1_ct01gdo";"1436676129.0"
"t1_ct09r1n";"t1_cszz081";"1436666847.0"
"t1_ct08npl";"t1_cszz081";"1436664522.0"
"t1_ct0jvsb";"t1_ct08npl";"1436695516.0"
"t1_ct0byrn";"t1_cszz081";"1436671524.0"
"t1_ct0hdl7";"t1_cszz081";"1436685119.0"
"t1_ct0j9a3";"t1_cszz081";"1436692603.0"
"t1_ct0jxte";"t1_cszz081";"1436695783.0"
"t1_ct03dbw";"t1_cszz081";"1436653775.0"
"t1_ct0731b";"t1_cszz081";"1436661278.0"
"t1_ct0782m";"t1_cszz081";"1436661563.0"
"t1_cszz2y0";"t1_cszz081";"1436645120.0"
"t1_cszzfol";"t1_cszz2y0";"1436645824.0"
"t1_cszzh0f";"t1_cszzfol";"1436645898.0"
"t1_cszzzdd";"t1_cszzh0f";"1436646922.0"
"t1_ct0045m";"t1_cszzzdd";"1436647186.0"
"t1_ct004zn";"t1_ct0045m";"1436647231.0"
"t1_ct006gy";"t1_ct004zn";"1436647316.0"
"t1_ct00hvm";"t1_ct006gy";"1436647943.0"
"t1_ct00m7j";"t1_ct00hvm";"1436648182.0"
"t1_ct03f76";"t1_cszzh0f";"1436653884.0"
"t1_ct055kc";"t1_cszz081";"1436657332.0"
"t1_ct07u65";"t1_cszz081";"1436662827.0"
"t1_ct00mdz";"t3_3cxwj2";"1436648192.0"
"t1_ct0d6l2";"t1_ct00mdz";"1436674184.0"
"t1_ct0bb4h";"t1_ct00mdz";"1436670099.0"
"t1_ct0e0zw";"t1_ct00mdz";"1436676008.0"
"t1_ct0ece9";"t1_ct00mdz";"1436676696.0"
"t1_ct0fwz9";"t1_ct00mdz";"1436680578.0"
"t1_ct0hzdj";"t1_ct00mdz";"1436687285.0"
"t1_ct0iam8";"t1_ct00mdz";"1436688507.0"
"t1_ct0hdm4";"t1_ct00mdz";"1436685122.0"
"t1_cszyh4q";"t3_3cxwj2";"1436643897.0"
"t1_cszz3nd";"t1_cszyh4q";"1436645161.0"
"t1_cszz9kl";"t1_cszz3nd";"1436645492.0"
"t1_cszzdw8";"t1_cszz9kl";"1436645728.0"
"t1_ct000uw";"t1_cszzdw8";"1436647005.0"
"t1_ct00bms";"t1_ct000uw";"1436647602.0"
"t1_ct01yjp";"t1_ct00bms";"1436650905.0"
"t1_ct08i1x";"t1_ct00bms";"1436664193.0"
"t1_ct0bbfw";"t1_cszzdw8";"1436670118.0"
"t1_ct0bdin";"t1_ct0bbfw";"1436670245.0"
"t1_ct09doj";"t1_cszz9kl";"1436666060.0"
"t1_ct03lkx";"t1_cszz3nd";"1436654254.0"
"t1_ct03ots";"t1_ct03lkx";"1436654446.0"
"t1_ct03pm3";"t1_ct03ots";"1436654493.0"
"t1_ct0f3l3";"t1_ct03pm3";"1436678460.0"
"t1_ct0h4m7";"t1_ct03lkx";"1436684262.0"
"t1_cszzxji";"t1_cszz3nd";"1436646822.0"
"t1_cszzzy4";"t1_cszyh4q";"1436646954.0"
"t1_ct008lq";"t1_cszzzy4";"1436647437.0"
"t1_ct07alq";"t1_ct008lq";"1436661708.0"
"t1_ct0boyt";"t1_ct008lq";"1436670933.0"
"t1_ct0eage";"t1_cszzzy4";"1436676580.0"
"t1_ct01eyd";"t1_cszyh4q";"1436649783.0"
"t1_ct063bk";"t1_ct01eyd";"1436659216.0"
"t1_ct06im8";"t1_ct063bk";"1436660099.0"
"t1_ct0iym6";"t1_ct06im8";"1436691269.0"
"t1_ct01j54";"t1_cszyh4q";"1436650017.0"
"t1_ct01pqm";"t1_ct01j54";"1436650386.0"
"t1_ct0avez";"t1_ct01j54";"1436669190.0"
"t1_ct0f44x";"t1_ct0avez";"1436678496.0"
"t1_ct0d8kb";"t1_ct01j54";"1436674310.0"
"t1_ct0gd6b";"t1_ct01j54";"1436681865.0"
"t1_ct0atyc";"t1_ct01j54";"1436669104.0"
"t1_ct0bdpc";"t1_ct01j54";"1436670257.0"
"t1_ct0c9hh";"t1_ct01j54";"1436672164.0"
"t1_ct03hk7";"t1_cszyh4q";"1436654024.0"
"t1_ct08x2o";"t1_ct03hk7";"1436665069.0"
"t1_ct0g6x5";"t1_cszyh4q";"1436681353.0"
"t1_ct0jxfi";"t1_ct0g6x5";"1436695733.0"
"t1_ct0hccf";"t1_cszyh4q";"1436684992.0"
"t1_ct0knfj";"t1_cszyh4q";"1436699162.0"
"t1_ct00c8e";"t3_3cxwj2";"1436647636.0"
"t1_ct01yku";"t1_ct00c8e";"1436650908.0"
"t1_ct059nx";"t1_ct01yku";"1436657569.0"
"t1_ct0h2ah";"t1_ct059nx";"1436684049.0"
"t1_ct0h4cu";"t1_ct0h2ah";"1436684237.0"
"t1_ct0ec4r";"t1_ct059nx";"1436676680.0"
"t1_ct0hhh7";"t1_ct059nx";"1436685485.0"
"t1_ct04jlk";"t1_ct01yku";"1436656133.0"
"t1_ct0ahi8";"t1_ct04jlk";"1436668372.0"
"t1_ct0br6w";"t1_ct0ahi8";"1436671069.0"
"t1_ct0bttp";"t1_ct0ahi8";"1436671228.0"
"t1_ct0f4v6";"t1_ct0ahi8";"1436678545.0"
"t1_ct08vky";"t1_ct01yku";"1436664980.0"
"t1_ct0gony";"t1_ct08vky";"1436682828.0"
"t1_ct0gqp5";"t1_ct0gony";"1436683007.0"
"t1_ct0gtuq";"t1_ct0gqp5";"1436683284.0"
"t1_ct0k4xj";"t1_ct0gtuq";"1436696739.0"
"t1_ct04q7a";"t1_ct01yku";"1436656494.0"
"t1_ct06h0q";"t1_ct04q7a";"1436660007.0"
"t1_ct0d4iu";"t1_ct06h0q";"1436674060.0"
"t1_ct0fuqa";"t1_ct06h0q";"1436680412.0"
"t1_ct05bsk";"t1_ct04q7a";"1436657690.0"
"t1_ct068aw";"t1_ct05bsk";"1436659510.0"
"t1_ct06k8u";"t1_ct01yku";"1436660192.0"
"t1_ct0ie6k";"t1_ct01yku";"1436688896.0"
"t1_ct02jfr";"t1_ct00c8e";"1436652063.0"
"t1_ct02yr0";"t1_ct02jfr";"1436652939.0"
"t1_ct0itsd";"t1_ct02yr0";"1436690683.0"
"t1_ct09hgr";"t1_ct02jfr";"1436666282.0"
"t1_ct03gmv";"t1_ct00c8e";"1436653970.0"
"t1_ct07u8q";"t1_ct03gmv";"1436662831.0"
"t1_ct040y7";"t1_ct03gmv";"1436655144.0"
"t1_ct05ed9";"t1_ct040y7";"1436657832.0"
"t1_ct04xa9";"t1_ct040y7";"1436656875.0"
"t1_ct0fvpu";"t1_ct00c8e";"1436680485.0"
"t1_ct0gmk1";"t1_ct0fvpu";"1436682650.0"
"t1_ct0gt62";"t1_ct0gmk1";"1436683224.0"
"t1_ct0hc3q";"t1_ct0gt62";"1436684969.0"
"t1_ct0go2d";"t1_ct00c8e";"1436682776.0"
"t1_ct0at39";"t3_3cxwj2";"1436669051.0"
"t1_ct0b868";"t1_ct0at39";"1436669928.0"
"t1_cszz2il";"t3_3cxwj2";"1436645096.0"
"t1_ct02652";"t1_cszz2il";"1436651337.0"
"t1_ct07dqv";"t1_ct02652";"1436661887.0"
"t1_ct07vsp";"t1_ct07dqv";"1436662917.0"
"t1_ct0jmlj";"t1_ct07vsp";"1436694322.0"
"t1_ct0ha7p";"t1_ct07vsp";"1436684781.0"
"t1_ct0eyf8";"t1_ct07dqv";"1436678107.0"
"t1_ct0fmuo";"t1_ct07dqv";"1436679816.0"
"t1_ct0cann";"t1_ct07dqv";"1436672237.0"
"t1_ct0kxet";"t1_ct02652";"1436700364.0"
"t1_ct03j9d";"t1_cszz2il";"1436654120.0"
"t1_ct09xyn";"t1_ct03j9d";"1436667260.0"
"t1_ct0jkze";"t1_ct03j9d";"1436694118.0"
"t1_ct04570";"t1_cszz2il";"1436655360.0"
"t1_ct005hv";"t1_cszz2il";"1436647262.0"
"t1_ct02dkc";"t1_ct005hv";"1436651736.0"
"t1_ct03hhn";"t1_ct02dkc";"1436654019.0"
"t1_ct02ec8";"t1_ct005hv";"1436651779.0"
"t1_ct05sbl";"t1_ct02ec8";"1436658601.0"
"t1_ct046x3";"t1_ct02ec8";"1436655446.0"
"t1_ct04nzn";"t1_ct046x3";"1436656369.0"
"t1_ct0aii8";"t1_cszz2il";"1436668431.0"
"t1_ct02ke3";"t1_cszz2il";"1436652114.0"
"t1_ct0jjyc";"t1_ct02ke3";"1436693982.0"
"t1_ct03o8i";"t1_ct02ke3";"1436654411.0"
"t1_ct0608q";"t1_ct03o8i";"1436659040.0"
"t1_ct06j6m";"t1_ct0608q";"1436660131.0"
"t1_ct0jkfq";"t1_ct0608q";"1436694046.0"
"t1_ct0jxqj";"t1_ct03o8i";"1436695771.0"
"t1_ct0gy8j";"t1_ct02ke3";"1436683681.0"
"t1_ct08laz";"t1_cszz2il";"1436664380.0"
"t1_ct0ejv4";"t1_cszz2il";"1436677158.0"
"t1_ct0fnlq";"t1_cszz2il";"1436679871.0"
"t1_ct0h7m7";"t1_cszz2il";"1436684534.0"
"t1_ct04vci";"t1_cszz2il";"1436656772.0"
"t1_ct06kpr";"t1_ct04vci";"1436660221.0"
"t1_cszzjwg";"t1_cszz2il";"1436646058.0"
"t1_ct00149";"t1_cszzjwg";"1436647020.0"
"t1_ct00t05";"t1_ct00149";"1436648555.0"
"t1_ct00icp";"t1_ct00149";"1436647969.0"
"t1_ct0261e";"t1_ct00icp";"1436651331.0"
"t1_ct05f08";"t1_ct0261e";"1436657865.0"
"t1_cszzp22";"t1_cszzjwg";"1436646350.0"
"t1_ct01zcx";"t1_cszzp22";"1436650954.0"
"t1_ct027td";"t1_cszzjwg";"1436651427.0"
"t1_ct02jzd";"t1_ct027td";"1436652091.0"
"t1_cszzw6w";"t1_cszzjwg";"1436646746.0"
"t1_ct00qsy";"t1_cszzw6w";"1436648428.0"
"t1_ct0bm2s";"t1_ct00qsy";"1436670759.0"
"t1_cszzm6h";"t3_3cxwj2";"1436646186.0"
"t1_ct09zzv";"t3_3cxwj2";"1436667382.0"
"t1_ct0asi3";"t3_3cxwj2";"1436669017.0"
"t1_ct0bbpa";"t3_3cxwj2";"1436670135.0"
"t1_ct0gj7h";"t1_ct0bbpa";"1436682368.0"
"t1_ct0cere";"t3_3cxwj2";"1436672496.0"
"t1_ct0b3qc";"t3_3cxwj2";"1436669675.0"
"t1_cszylqk";"t3_3cxwj2";"1436644155.0"
"t1_cszz6i1";"t1_cszylqk";"1436645319.0"
"t1_cszzbzj";"t1_cszz6i1";"1436645623.0"
"t1_cszztji";"t1_cszzbzj";"1436646602.0"
"t1_ct017zk";"t1_cszztji";"1436649390.0"
"t1_ct031x6";"t1_ct017zk";"1436653118.0"
"t1_ct04z73";"t1_ct017zk";"1436656982.0"
"t1_ct01aks";"t1_ct017zk";"1436649532.0"
"t1_ct01km9";"t1_ct01aks";"1436650101.0"
"t1_ct01yls";"t1_cszzbzj";"1436650909.0"
"t1_ct04jex";"t1_cszz6i1";"1436656121.0"
"t1_ct06qt2";"t1_cszz6i1";"1436660582.0"
"t1_ct095we";"t1_cszz6i1";"1436665596.0"
"t1_ct0f8gi";"t1_cszylqk";"1436678791.0"
"t1_ct0k7mj";"t1_ct0f8gi";"1436697087.0"
"t1_ct0i2qd";"t1_cszylqk";"1436687644.0"
"t1_ct06lgl";"t1_cszylqk";"1436660265.0"
"t1_ct0cnje";"t3_3cxwj2";"1436673052.0"
"t1_ct0giet";"t1_ct0cnje";"1436682300.0"
"t1_ct005h2";"t3_3cxwj2";"1436647260.0"
"t1_ct045oa";"t1_ct005h2";"1436655383.0"
"t1_ct0c5fl";"t1_ct005h2";"1436671921.0"
"t1_ct08olu";"t1_ct005h2";"1436664573.0"
"t1_ct0gpce";"t1_ct08olu";"1436682888.0"
"t1_ct071ca";"t3_3cxwj2";"1436661182.0"
"t1_ct0c69p";"t1_ct071ca";"1436671970.0"
"t1_ct0h4q6";"t1_ct071ca";"1436684273.0"
"t1_ct09j9y";"t3_3cxwj2";"1436666392.0"
"t1_ct0d3yf";"t3_3cxwj2";"1436674028.0"
"t1_ct01d0a";"t3_3cxwj2";"1436649673.0"
"t1_ct02e32";"t1_ct01d0a";"1436651765.0"
"t1_ct06jzl";"t1_ct01d0a";"1436660177.0"
"t1_ct0a3k6";"t1_ct01d0a";"1436667586.0"
"t1_ct00mir";"t3_3cxwj2";"1436648199.0"
"t1_ct0a13v";"t1_ct00mir";"1436667445.0"
"t1_ct06krg";"t1_ct00mir";"1436660224.0"
"t1_ct08rcf";"t1_ct00mir";"1436664734.0"
"t1_ct0cwt5";"t1_ct00mir";"1436673617.0"
"t1_ct0e3vi";"t1_ct00mir";"1436676182.0"
"t1_ct0bc8g";"t1_ct00mir";"1436670167.0"
"t1_ct01fbf";"t3_3cxwj2";"1436649803.0"
"t1_ct02yzw";"t1_ct01fbf";"1436652951.0"
"t1_ct0ap92";"t1_ct02yzw";"1436668825.0"
"t1_ct0f8af";"t1_ct0ap92";"1436678779.0"
"t1_ct0ffpb";"t1_ct0f8af";"1436679300.0"
"t1_ct0g7t4";"t1_ct02yzw";"1436681425.0"
"t1_ct0blfo";"t1_ct01fbf";"1436670720.0"
"t1_ct08z62";"t1_ct01fbf";"1436665195.0"
"t1_ct05p6o";"t1_ct01fbf";"1436658421.0"
"t1_ct0ew0q";"t1_ct01fbf";"1436677947.0"
"t1_ct05orm";"t1_ct01fbf";"1436658401.0"
"t1_ct06c3p";"t1_ct01fbf";"1436659728.0"
"t1_ct0am3t";"t1_ct01fbf";"1436668644.0"
"t1_ct0cxnq";"t1_ct01fbf";"1436673663.0"
"t1_ct0kp44";"t1_ct01fbf";"1436699374.0"
"t1_ct04jdr";"t1_ct01fbf";"1436656119.0"
"t1_ct05ctl";"t1_ct04jdr";"1436657748.0"
"t1_ct09voe";"t1_ct05ctl";"1436667127.0"
"t1_ct0fofw";"t1_ct01fbf";"1436679933.0"
"t1_ct0j0x1";"t1_ct01fbf";"1436691554.0"
"t1_ct0cc87";"t1_ct01fbf";"1436672340.0"
"t1_cszzhbg";"t3_3cxwj2";"1436645916.0"
"t1_ct042os";"t1_cszzhbg";"1436655241.0"
"t1_ct077k8";"t1_cszzhbg";"1436661533.0"
"t1_ct0k9wj";"t1_cszzhbg";"1436697397.0"
"t1_ct03imf";"t1_cszzhbg";"1436654085.0"
"t1_ct04kf6";"t1_ct03imf";"1436656175.0"
"t1_ct03qbv";"t3_3cxwj2";"1436654534.0"
"t1_ct07dcs";"t1_ct03qbv";"1436661863.0"
"t1_ct078cl";"t1_ct03qbv";"1436661579.0"
"t1_ct07djh";"t1_ct078cl";"1436661874.0"
"t1_ct0ag4e";"t1_ct07djh";"1436668293.0"
"t1_ct0aj02";"t1_ct0ag4e";"1436668461.0"
"t1_ct0atah";"t1_ct0aj02";"1436669064.0"
"t1_ct0bpr4";"t1_ct0atah";"1436670982.0"
"t1_ct0c227";"t1_ct0bpr4";"1436671719.0"
"t1_ct0atjg";"t1_ct0aj02";"1436669078.0"
"t1_cszye24";"t3_3cxwj2";"1436643721.0"
"t1_cszzzq8";"t1_cszye24";"1436646942.0"
"t1_ct0fqi1";"t1_cszzzq8";"1436680085.0"
"t1_ct0cf5z";"t1_cszzzq8";"1436672523.0"
"t1_ct001lv";"t1_cszzzq8";"1436647048.0"
"t1_ct03w6i";"t1_ct001lv";"1436654870.0"
"t1_ct052mg";"t1_cszzzq8";"1436657168.0"
"t1_ct0aox6";"t1_cszye24";"1436668806.0"
"t1_ct0ej3f";"t1_cszye24";"1436677108.0"
"t1_ct0esf0";"t1_cszye24";"1436677706.0"
"t1_cszytfi";"t1_cszye24";"1436644593.0"
"t1_ct086vl";"t1_cszytfi";"1436663540.0"
"t1_cszyu6x";"t1_cszytfi";"1436644634.0"
"t1_ct01qq0";"t1_cszyu6x";"1436650441.0"
"t1_ct02vgj";"t1_ct01qq0";"1436652745.0"
"t1_ct01v61";"t1_ct01qq0";"1436650705.0"
"t1_ct033zy";"t1_ct01v61";"1436653238.0"
"t1_ct0351j";"t1_ct033zy";"1436653298.0"
"t1_ct03guy";"t1_ct0351j";"1436653984.0"
"t1_ct03kb2";"t1_ct03guy";"1436654180.0"
"t1_ct091q6";"t1_cszyu6x";"1436665341.0"
"t1_ct02jb2";"t1_cszye24";"1436652057.0"
"t1_ct02nzx";"t1_ct02jb2";"1436652319.0"
"t1_ct05kbo";"t1_cszye24";"1436658157.0"
"t1_ct090dp";"t1_cszye24";"1436665266.0"
"t1_ct01mvb";"t3_3cxwj2";"1436650225.0"
"t1_ct07o4c";"t1_ct01mvb";"1436662477.0"
"t1_ct04z86";"t1_ct01mvb";"1436656983.0"
"t1_ct06dam";"t1_ct04z86";"1436659796.0"
"t1_ct0476y";"t1_ct01mvb";"1436655461.0"
"t1_ct0fpfm";"t1_ct01mvb";"1436680004.0"
"t1_ct027fr";"t3_3cxwj2";"1436651408.0"
"t1_ct02mv3";"t3_3cxwj2";"1436652253.0"
"t1_ct03yh4";"t3_3cxwj2";"1436655003.0"
"t1_ct05xyo";"t3_3cxwj2";"1436658912.0"
"t1_ct064ox";"t3_3cxwj2";"1436659295.0"
"t1_ct06bol";"t3_3cxwj2";"1436659704.0"
"t1_ct06fo2";"t1_ct06bol";"1436659930.0"
"t1_ct06htp";"t1_ct06fo2";"1436660054.0"
"t1_ct0gypp";"t1_ct06bol";"1436683726.0"
"t1_ct0kcbn";"t1_ct06bol";"1436697712.0"
"t1_ct06u03";"t3_3cxwj2";"1436660767.0"
"t1_ct079r7";"t3_3cxwj2";"1436661660.0"
"t1_ct07eh3";"t3_3cxwj2";"1436661930.0"
"t1_ct07zwk";"t1_ct07eh3";"1436663141.0"
"t1_ct07h0f";"t3_3cxwj2";"1436662075.0"
"t1_ct088lq";"t3_3cxwj2";"1436663637.0"
"t1_ct08i4q";"t3_3cxwj2";"1436664198.0"
"t1_ct0hf6a";"t1_ct08i4q";"1436685269.0"
"t1_ct0hki0";"t1_ct0hf6a";"1436685776.0"
"t1_ct0hpjs";"t1_ct0hki0";"1436686277.0"
"t1_ct0hti1";"t1_ct0hpjs";"1436686677.0"
"t1_ct0hw3r";"t1_ct0hti1";"1436686948.0"
"t1_ct0ilha";"t1_ct0hti1";"1436689711.0"
"t1_ct0kd9e";"t1_ct0hf6a";"1436697832.0"
"t1_ct08x1t";"t3_3cxwj2";"1436665067.0"
"t1_ct0gv8d";"t1_ct08x1t";"1436683408.0"
"t1_ct08zw3";"t3_3cxwj2";"1436665238.0"
"t1_ct09sot";"t3_3cxwj2";"1436666948.0"
"t1_ct0aaz4";"t3_3cxwj2";"1436668007.0"
"t1_ct0adp4";"t3_3cxwj2";"1436668154.0"
"t1_ct0gq9o";"t1_ct0adp4";"1436682967.0"
"t1_ct0ahl9";"t3_3cxwj2";"1436668378.0"
"t1_ct0engv";"t1_ct0ahl9";"1436677384.0"
"t1_ct0g22a";"t1_ct0ahl9";"1436680967.0"
"t1_ct0gf3f";"t1_ct0g22a";"1436682023.0"
"t1_ct0iyh7";"t1_ct0gf3f";"1436691254.0"
"t1_ct0ari3";"t3_3cxwj2";"1436668959.0"
"t1_ct0bkob";"t1_ct0ari3";"1436670674.0"
"t1_ct0go5d";"t1_ct0bkob";"1436682784.0"
"t1_ct0keia";"t1_ct0bkob";"1436697996.0"
"t1_ct0axvd";"t3_3cxwj2";"1436669333.0"
"t1_ct0b3kk";"t3_3cxwj2";"1436669667.0"
"t1_ct0bzmv";"t3_3cxwj2";"1436671573.0"
"t1_ct0c017";"t3_3cxwj2";"1436671597.0"
"t1_ct0eg1i";"t3_3cxwj2";"1436676920.0"
"t1_ct0gh8z";"t1_ct0eg1i";"1436682205.0"
"t1_ct0elaj";"t3_3cxwj2";"1436677248.0"
"t1_cszyzti";"t3_3cxwj2";"1436644947.0"
"t1_cszz9n4";"t3_3cxwj2";"1436645495.0"
"t1_ct09u8q";"t3_3cxwj2";"1436667042.0"
"t1_cszzbc4";"t3_3cxwj2";"1436645587.0"
"t1_ct04l0d";"t1_cszzbc4";"1436656206.0"
"t1_ct02749";"t1_cszzbc4";"1436651390.0"
"t1_ct02spo";"t1_ct02749";"1436652589.0"
"t1_ct05pbq";"t1_ct02spo";"1436658430.0"
"t1_ct0eu6k";"t1_ct05pbq";"1436677828.0"
"t1_ct0ke0l";"t1_ct0eu6k";"1436697933.0"
"t1_ct0a17m";"t1_ct02749";"1436667452.0"
"t1_ct09yuj";"t1_ct02749";"1436667313.0"
"t1_ct03qqq";"t1_ct02749";"1436654558.0"
"t1_ct05q33";"t1_ct03qqq";"1436658473.0"
"t1_ct08yxn";"t1_ct03qqq";"1436665180.0"
"t1_ct0a2ch";"t1_ct03qqq";"1436667517.0"
"t1_ct02sqc";"t1_ct02749";"1436652590.0"
"t1_ct05p8c";"t1_ct02sqc";"1436658424.0"
"t1_ct03149";"t1_ct02749";"1436653072.0"
"t1_ct03i8w";"t1_ct02749";"1436654065.0"
"t1_ct0awk8";"t1_ct02749";"1436669254.0"
"t1_ct0iojr";"t1_ct02749";"1436690072.0"
"t1_cszzpy5";"t1_cszzbc4";"1436646402.0"
"t1_cszzrig";"t1_cszzpy5";"1436646492.0"
"t1_ct0e6ex";"t1_cszzrig";"1436676341.0"
"t1_ct01b1s";"t1_cszzrig";"1436649559.0"
"t1_ct03dop";"t1_ct01b1s";"1436653796.0"
"t1_ct03irr";"t1_ct03dop";"1436654093.0"
"t1_ct0gxgl";"t1_ct03irr";"1436683611.0"
"t1_ct04lli";"t1_cszzpy5";"1436656239.0"
"t1_ct04yb0";"t1_ct04lli";"1436656933.0"
"t1_ct05cgq";"t1_ct04yb0";"1436657729.0"
"t1_ct0h4tc";"t1_cszzbc4";"1436684281.0"
"t1_ct0hrk5";"t1_ct0h4tc";"1436686477.0"
"t1_ct0i0iy";"t1_ct0hrk5";"1436687413.0"
"t1_ct0ht2v";"t1_ct0hrk5";"1436686634.0"
"t1_ct0jih8";"t1_cszzbc4";"1436693779.0"
"t1_ct0bm2j";"t1_cszzbc4";"1436670758.0"
"t1_ct01vpg";"t1_cszzbc4";"1436650736.0"
"t1_ct03xr7";"t1_ct01vpg";"1436654962.0"
"t1_ct06bby";"t1_ct03xr7";"1436659684.0"
"t1_ct09wbw";"t1_ct06bby";"1436667166.0"
"t1_ct07uhl";"t1_cszzbc4";"1436662845.0"
"t1_ct0fosq";"t1_cszzbc4";"1436679958.0"
"t1_ct08b7a";"t1_cszzbc4";"1436663786.0"
"t1_cszykhw";"t3_3cxwj2";"1436644086.0"
"t1_cszyynu";"t1_cszykhw";"1436644880.0"
"t1_cszzn04";"t1_cszyynu";"1436646231.0"
"t1_cszyxl3";"t3_3cxwj2";"1436644822.0"
"t1_ct05w6f";"t1_cszyxl3";"1436658813.0"
"t1_ct00n3v";"t3_3cxwj2";"1436648230.0"
"t1_ct03qnd";"t1_ct00n3v";"1436654553.0"
"t1_ct01uvp";"t1_ct00n3v";"1436650688.0"
"t1_ct03150";"t1_ct01uvp";"1436653074.0"
"t1_ct03ex7";"t1_ct01uvp";"1436653870.0"
"t1_ct05b8y";"t1_ct03ex7";"1436657658.0"
"t1_ct051i3";"t1_ct01uvp";"1436657106.0"
"t1_ct05eoe";"t1_ct00n3v";"1436657848.0"
"t1_ct06kal";"t1_ct00n3v";"1436660194.0"
"t1_ct01h87";"t3_3cxwj2";"1436649909.0"
"t1_ct02jp0";"t1_ct01h87";"1436652077.0"
"t1_ct08qw5";"t1_ct01h87";"1436664708.0"
"t1_ct0316x";"t3_3cxwj2";"1436653077.0"
"t1_ct0awf6";"t1_ct0316x";"1436669246.0"
"t1_ct076ix";"t3_3cxwj2";"1436661474.0"
"t1_ct0d60t";"t1_ct076ix";"1436674151.0"
"t1_ct0gzr0";"t1_ct076ix";"1436683817.0"
"t1_ct0ax78";"t3_3cxwj2";"1436669291.0"
"t1_ct0c5pn";"t1_ct0ax78";"1436671937.0"
"t1_ct00pra";"t3_3cxwj2";"1436648371.0"
"t1_ct08565";"t1_ct00pra";"1436663442.0"
"t1_cszz3lg";"t3_3cxwj2";"1436645157.0"
"t1_ct0035w";"t3_3cxwj2";"1436647134.0"
"t1_ct007d5";"t3_3cxwj2";"1436647365.0"
"t1_ct01ut2";"t3_3cxwj2";"1436650683.0"
"t1_ct020n1";"t3_3cxwj2";"1436651030.0"
"t1_ct025k2";"t3_3cxwj2";"1436651304.0"
"t1_ct02aqg";"t3_3cxwj2";"1436651581.0"
"t1_ct0gk65";"t1_ct02aqg";"1436682447.0"
"t1_ct02fo5";"t3_3cxwj2";"1436651854.0"
"t1_ct02g4o";"t3_3cxwj2";"1436651880.0"
"t1_ct02ham";"t3_3cxwj2";"1436651945.0"
"t1_ct02k8o";"t3_3cxwj2";"1436652106.0"
"t1_ct02kli";"t3_3cxwj2";"1436652126.0"
"t1_ct0396d";"t3_3cxwj2";"1436653540.0"
"t1_ct039nr";"t3_3cxwj2";"1436653567.0"
"t1_ct03m01";"t3_3cxwj2";"1436654279.0"
"t1_ct03n8s";"t3_3cxwj2";"1436654354.0"
"t1_ct03q8h";"t3_3cxwj2";"1436654528.0"
"t1_ct03ts7";"t3_3cxwj2";"1436654734.0"
"t1_ct03vkm";"t3_3cxwj2";"1436654835.0"
"t1_ct041r3";"t3_3cxwj2";"1436655189.0"
"t1_ct04e4w";"t3_3cxwj2";"1436655829.0"
"t1_ct051br";"t3_3cxwj2";"1436657096.0"
"t1_ct05lbw";"t3_3cxwj2";"1436658212.0"
"t1_ct05zo2";"t1_ct05lbw";"1436659008.0"
"t1_ct06i74";"t1_ct05zo2";"1436660075.0"
"t1_ct05mwx";"t3_3cxwj2";"1436658298.0"
"t1_ct05yw5";"t3_3cxwj2";"1436658963.0"
"t1_ct062ko";"t3_3cxwj2";"1436659172.0"
"t1_ct065el";"t3_3cxwj2";"1436659335.0"
"t1_ct06clv";"t3_3cxwj2";"1436659756.0"
"t1_ct0gxrv";"t1_ct06clv";"1436683639.0"
"t1_ct07ad5";"t3_3cxwj2";"1436661695.0"
"t1_ct07c8o";"t3_3cxwj2";"1436661800.0"
"t1_ct07dxc";"t3_3cxwj2";"1436661898.0"
"t1_ct07fp3";"t3_3cxwj2";"1436661998.0"
"t1_ct07kq4";"t3_3cxwj2";"1436662286.0"
"t1_ct07lhx";"t3_3cxwj2";"1436662330.0"
"t1_ct07mr6";"t3_3cxwj2";"1436662400.0"
"t1_ct07ykz";"t1_ct07mr6";"1436663067.0"
"t1_ct07rbo";"t3_3cxwj2";"1436662659.0"
"t1_ct08dwc";"t3_3cxwj2";"1436663950.0"
"t1_ct08gjt";"t3_3cxwj2";"1436664105.0"
"t1_ct08h8z";"t3_3cxwj2";"1436664145.0"
"t1_ct08hw5";"t3_3cxwj2";"1436664182.0"
"t1_ct08iqr";"t3_3cxwj2";"1436664233.0"
"t1_ct08kto";"t3_3cxwj2";"1436664353.0"
"t1_ct08mpu";"t3_3cxwj2";"1436664461.0"
"t1_ct08pt2";"t3_3cxwj2";"1436664644.0"
"t1_ct08ujh";"t3_3cxwj2";"1436664919.0"
"t1_ct0jjap";"t1_ct08ujh";"1436693889.0"
"t1_ct090wy";"t3_3cxwj2";"1436665297.0"
"t1_ct091w1";"t3_3cxwj2";"1436665351.0"
"t1_ct093vn";"t3_3cxwj2";"1436665475.0"
"t1_ct096k8";"t3_3cxwj2";"1436665632.0"
"t1_ct097i0";"t3_3cxwj2";"1436665687.0"
"t1_ct099s3";"t3_3cxwj2";"1436665820.0"
"t1_ct09dnu";"t3_3cxwj2";"1436666058.0"
"t1_ct09fpx";"t3_3cxwj2";"1436666182.0"
"t1_ct09gvh";"t3_3cxwj2";"1436666248.0"
"t1_ct09ijf";"t3_3cxwj2";"1436666347.0"
"t1_ct09nuw";"t3_3cxwj2";"1436666660.0"
"t1_ct09o35";"t3_3cxwj2";"1436666673.0"
"t1_ct09oc7";"t3_3cxwj2";"1436666686.0"
"t1_ct09ofb";"t3_3cxwj2";"1436666691.0"
"t1_ct09sh3";"t3_3cxwj2";"1436666937.0"
"t1_ct09suq";"t3_3cxwj2";"1436666958.0"
"t1_ct09umd";"t3_3cxwj2";"1436667064.0"
"t1_ct09zi1";"t3_3cxwj2";"1436667352.0"
"t1_ct0a26r";"t3_3cxwj2";"1436667509.0"
"t1_ct0a89d";"t3_3cxwj2";"1436667853.0"
"t1_ct0abt3";"t3_3cxwj2";"1436668052.0"
"t1_ct0actt";"t3_3cxwj2";"1436668104.0"
"t1_ct0ad6s";"t3_3cxwj2";"1436668124.0"
"t1_ct0aedb";"t3_3cxwj2";"1436668193.0"
"t1_ct0dgit";"t1_ct0aedb";"1436674759.0"
"t1_ct0afn9";"t3_3cxwj2";"1436668266.0"
"t1_ct0ekil";"t1_ct0afn9";"1436677197.0"
"t1_ct0ag7r";"t3_3cxwj2";"1436668299.0"
"t1_ct0aiqy";"t3_3cxwj2";"1436668445.0"
"t1_ct0ak1u";"t3_3cxwj2";"1436668522.0"
"t1_ct0ak8a";"t3_3cxwj2";"1436668532.0"
"t1_ct0avrq";"t3_3cxwj2";"1436669209.0"
"t1_ct0avyg";"t3_3cxwj2";"1436669219.0"
"t1_ct0awq3";"t3_3cxwj2";"1436669263.0"
"t1_ct0awyv";"t3_3cxwj2";"1436669277.0"
"t1_ct0azi4";"t3_3cxwj2";"1436669427.0"
"t1_ct0bagw";"t3_3cxwj2";"1436670061.0"
"t1_ct0covm";"t1_ct0bagw";"1436673131.0"
"t1_ct0bc31";"t3_3cxwj2";"1436670157.0"
"t1_ct0bfv4";"t3_3cxwj2";"1436670389.0"
"t1_ct0bhwl";"t3_3cxwj2";"1436670512.0"
"t1_ct0bjgz";"t3_3cxwj2";"1436670603.0"
"t1_ct0blly";"t3_3cxwj2";"1436670730.0"
"t1_ct0el29";"t1_ct0blly";"1436677233.0"
"t1_ct0h172";"t1_ct0el29";"1436683948.0"
"t1_ct0bonh";"t3_3cxwj2";"1436670915.0"
"t1_ct0d75j";"t1_ct0bonh";"1436674217.0"
"t1_ct0bpk2";"t3_3cxwj2";"1436670971.0"
"t1_ct0brjw";"t3_3cxwj2";"1436671090.0"
"t1_ct0bz40";"t3_3cxwj2";"1436671543.0"
"t1_ct0c45d";"t3_3cxwj2";"1436671842.0"
"t1_ct0c654";"t3_3cxwj2";"1436671962.0"
"t1_ct0c83q";"t3_3cxwj2";"1436672080.0"
"t1_ct0cb42";"t3_3cxwj2";"1436672266.0"
"t1_ct0js25";"t1_ct0cb42";"1436695028.0"
"t1_ct0cbml";"t3_3cxwj2";"1436672302.0"
"t1_ct0cbvs";"t3_3cxwj2";"1436672318.0"
"t1_ct0cgpr";"t3_3cxwj2";"1436672619.0"
"t1_ct0cjyq";"t3_3cxwj2";"1436672822.0"
"t1_ct0cms0";"t3_3cxwj2";"1436673000.0"
"t1_ct0cpi3";"t3_3cxwj2";"1436673170.0"
"t1_ct0d7nr";"t3_3cxwj2";"1436674249.0"
"t1_ct0dflz";"t3_3cxwj2";"1436674705.0"
"t1_ct0dlbk";"t3_3cxwj2";"1436675039.0"
"t1_ct0dlwk";"t3_3cxwj2";"1436675074.0"
"t1_ct0eirr";"t3_3cxwj2";"1436677089.0"
"t1_ct0epot";"t3_3cxwj2";"1436677525.0"
"t1_ct0euqs";"t3_3cxwj2";"1436677866.0"
"t1_ct0eydy";"t3_3cxwj2";"1436678105.0"
"t1_ct0gdwt";"t1_ct0eydy";"1436681926.0"
"t1_ct0f543";"t3_3cxwj2";"1436678562.0"
"t1_ct0f9yj";"t3_3cxwj2";"1436678895.0"
"t1_ct0fbul";"t3_3cxwj2";"1436679024.0"
"t1_ct0fgny";"t3_3cxwj2";"1436679370.0"
"t1_ct0fjxm";"t3_3cxwj2";"1436679607.0"
"t1_ct0flzn";"t3_3cxwj2";"1436679753.0"
"t1_ct0fxb2";"t3_3cxwj2";"1436680602.0"
"t1_ct0gazq";"t1_ct0fxb2";"1436681683.0"
"t1_ct0g1bt";"t3_3cxwj2";"1436680911.0"
"t1_ct0giw1";"t3_3cxwj2";"1436682342.0"
"t1_ct0gksw";"t3_3cxwj2";"1436682500.0"
"t1_ct0i1ml";"t1_ct0gksw";"1436687528.0"
"t1_ct0gn6k";"t3_3cxwj2";"1436682704.0"
"t1_ct0gvdq";"t3_3cxwj2";"1436683421.0"
"t1_ct0h088";"t3_3cxwj2";"1436683859.0"
"t1_ct0h6q0";"t3_3cxwj2";"1436684452.0"
"t1_ct0hr2s";"t3_3cxwj2";"1436686427.0"
"t1_ct0htzz";"t3_3cxwj2";"1436686727.0"
"t1_ct0inkm";"t3_3cxwj2";"1436689958.0"
"t1_ct0ks12";"t1_ct0inkm";"1436699730.0"
"t1_ct0jnut";"t3_3cxwj2";"1436694485.0"
"t1_ct0lnku";"t3_3cxwj2";"1436703339.0"
"t1_ct0lq1s";"t3_3cxwj2";"1436703599.0"
"t1_ct00snk";"t3_3cxwj2";"1436648535.0"
"t1_ct01cig";"t1_ct00snk";"1436649644.0"
"t1_ct05hxw";"t1_ct00snk";"1436658028.0"
"t1_cszz29i";"t3_3cxwj2";"1436645083.0"
"t1_ct01g3u";"t1_cszz29i";"1436649847.0"
"t1_ct087hy";"t1_ct01g3u";"1436663575.0"
"t1_ct030ph";"t1_cszz29i";"1436653049.0"
"t1_ct03mki";"t3_3cxwj2";"1436654312.0"
"t1_ct06sir";"t1_ct03mki";"1436660679.0"
"t1_ct05l79";"t1_ct03mki";"1436658205.0"
"t1_ct0dotl";"t1_ct05l79";"1436675258.0"
"t1_ct0dp0c";"t1_ct0dotl";"1436675271.0"
"t1_ct0ckhd";"t1_ct03mki";"1436672854.0"
"t1_ct0exlj";"t1_ct03mki";"1436678053.0"
"t1_ct0fkp2";"t1_ct03mki";"1436679663.0"
"t1_ct0j49q";"t1_ct03mki";"1436691979.0"
"t1_ct0a45y";"t1_ct03mki";"1436667624.0"
"t1_ct0fgbb";"t1_ct0a45y";"1436679345.0"
"t1_ct030ov";"t3_3cxwj2";"1436653047.0"
"t1_ct07602";"t1_ct030ov";"1436661445.0"
"t1_ct06j7o";"t3_3cxwj2";"1436660133.0"
"t1_cszzfwg";"t3_3cxwj2";"1436645837.0"
"t1_ct04rx8";"t1_cszzfwg";"1436656591.0"
"t1_ct08srq";"t1_ct04rx8";"1436664816.0"
"t1_ct09qh9";"t1_ct08srq";"1436666812.0"
"t1_ct00gw2";"t1_cszzfwg";"1436647886.0"
"t1_ct02j7a";"t1_ct00gw2";"1436652052.0"
"t1_cszzkph";"t3_3cxwj2";"1436646106.0"
"t1_ct01rvq";"t1_cszzkph";"1436650503.0"
"t1_ct041h2";"t1_cszzkph";"1436655173.0"
"t1_ct08866";"t1_cszzkph";"1436663613.0"
"t1_ct03lfk";"t1_cszzkph";"1436654245.0"
"t1_ct00auv";"t1_cszzkph";"1436647561.0"
"t1_ct00ga9";"t1_ct00auv";"1436647853.0"
"t1_ct041s4";"t3_3cxwj2";"1436655191.0"
"t1_ct086rc";"t1_ct041s4";"1436663533.0"
"t1_ct046n7";"t3_3cxwj2";"1436655432.0"
"t1_ct05h6x";"t1_ct046n7";"1436657986.0"
"t1_ct07x5b";"t3_3cxwj2";"1436662989.0"
"t1_ct086fq";"t1_ct07x5b";"1436663514.0"
"t1_ct0bcqb";"t3_3cxwj2";"1436670197.0"
"t1_ct0bll0";"t3_3cxwj2";"1436670729.0"
"t1_ct04jsw";"t3_3cxwj2";"1436656144.0"
"t1_ct06hev";"t1_ct04jsw";"1436660030.0"
"t1_ct078cb";"t1_ct06hev";"1436661578.0"
"t1_ct07lew";"t1_ct06hev";"1436662326.0"
"t1_cszzgtm";"t3_3cxwj2";"1436645887.0"
"t1_ct02cmo";"t3_3cxwj2";"1436651683.0"
"t1_ct0j1nu";"t1_ct02cmo";"1436691642.0"
"t1_ct02lvz";"t3_3cxwj2";"1436652197.0"
"t1_ct0595q";"t3_3cxwj2";"1436657538.0"
"t1_ct05dp5";"t3_3cxwj2";"1436657796.0"
"t1_ct07kn1";"t3_3cxwj2";"1436662282.0"
"t1_ct07s34";"t3_3cxwj2";"1436662704.0"
"t1_ct08e1k";"t1_ct07s34";"1436663958.0"
"t1_ct0b53t";"t3_3cxwj2";"1436669753.0"
"t1_ct0cb17";"t1_ct0b53t";"1436672262.0"
"t1_ct0bdlx";"t3_3cxwj2";"1436670251.0"
"t1_ct0bfo0";"t3_3cxwj2";"1436670376.0"
"t1_ct0d8ee";"t1_ct0bfo0";"1436674299.0"
"t1_ct0g1js";"t1_ct0d8ee";"1436680929.0"
"t1_cszyhpv";"t3_3cxwj2";"1436643929.0"
"t1_cszz5dj";"t1_cszyhpv";"1436645255.0"
"t1_ct0b0fm";"t1_cszz5dj";"1436669481.0"
"t1_cszzbm9";"t1_cszyhpv";"1436645603.0"
"t1_ct03nxv";"t1_cszzbm9";"1436654394.0"
"t1_cszzff7";"t3_3cxwj2";"1436645810.0"
"t1_ct0e0zq";"t1_cszzff7";"1436676008.0"
"t1_cszz82v";"t3_3cxwj2";"1436645409.0"
"t1_ct08p44";"t1_cszz82v";"1436664603.0"
"t1_cszzivh";"t1_cszz82v";"1436646002.0"
"t1_ct023ks";"t1_cszz82v";"1436651193.0"
"t1_ct02cgv";"t1_ct023ks";"1436651674.0"
"t1_ct02gla";"t1_ct02cgv";"1436651905.0"
"t1_ct02ixj";"t1_ct02gla";"1436652037.0"
"t1_ct00zfv";"t3_3cxwj2";"1436648917.0"
"t1_ct01rtl";"t3_3cxwj2";"1436650500.0"
"t1_ct01yk4";"t3_3cxwj2";"1436650906.0"
"t1_ct022lc";"t3_3cxwj2";"1436651138.0"
"t1_ct022yd";"t3_3cxwj2";"1436651159.0"
"t1_ct025f6";"t3_3cxwj2";"1436651297.0"
"t1_ct029bu";"t3_3cxwj2";"1436651504.0"
"t1_ct02as7";"t3_3cxwj2";"1436651584.0"
"t1_ct02gj5";"t3_3cxwj2";"1436651901.0"
"t1_ct02hyi";"t3_3cxwj2";"1436651983.0"
"t1_ct02iqa";"t3_3cxwj2";"1436652027.0"
"t1_ct02lmw";"t3_3cxwj2";"1436652182.0"
"t1_ct02qma";"t3_3cxwj2";"1436652472.0"
"t1_ct02qpz";"t3_3cxwj2";"1436652478.0"
"t1_ct02sjn";"t3_3cxwj2";"1436652580.0"
"t1_ct032bm";"t3_3cxwj2";"1436653141.0"
"t1_ct03hb2";"t3_3cxwj2";"1436654010.0"
"t1_ct03hcr";"t3_3cxwj2";"1436654012.0"
"t1_ct03huk";"t3_3cxwj2";"1436654040.0"
"t1_ct03lqr";"t3_3cxwj2";"1436654265.0"
"t1_ct03pkw";"t3_3cxwj2";"1436654491.0"
"t1_ct03tfx";"t3_3cxwj2";"1436654714.0"
"t1_ct03we6";"t3_3cxwj2";"1436654883.0"
"t1_ct03yk6";"t3_3cxwj2";"1436655009.0"
"t1_ct0425w";"t3_3cxwj2";"1436655212.0"
"t1_ct043nq";"t3_3cxwj2";"1436655287.0"
"t1_ct04l5r";"t3_3cxwj2";"1436656215.0"
"t1_ct04mjt";"t3_3cxwj2";"1436656289.0"
"t1_ct04pnz";"t3_3cxwj2";"1436656463.0"
"t1_ct04znl";"t3_3cxwj2";"1436657005.0"
"t1_ct051fc";"t3_3cxwj2";"1436657102.0"
"t1_ct0583t";"t3_3cxwj2";"1436657479.0"
"t1_ct058zl";"t3_3cxwj2";"1436657528.0"
"t1_ct05b4r";"t3_3cxwj2";"1436657651.0"
"t1_ct05glf";"t3_3cxwj2";"1436657954.0"
"t1_ct05lhv";"t3_3cxwj2";"1436658222.0"
"t1_ct05mp9";"t3_3cxwj2";"1436658286.0"
"t1_ct05qty";"t3_3cxwj2";"1436658513.0"
"t1_ct060ye";"t3_3cxwj2";"1436659079.0"
"t1_ct06519";"t3_3cxwj2";"1436659313.0"
"t1_ct066k6";"t3_3cxwj2";"1436659404.0"
"t1_ct06elw";"t3_3cxwj2";"1436659871.0"
"t1_ct06fbf";"t3_3cxwj2";"1436659912.0"
"t1_ct06lhl";"t3_3cxwj2";"1436660266.0"
"t1_ct06t73";"t3_3cxwj2";"1436660719.0"
"t1_ct06v4g";"t3_3cxwj2";"1436660832.0"
"t1_ct06w5w";"t3_3cxwj2";"1436660889.0"
"t1_ct07opw";"t3_3cxwj2";"1436662511.0"
"t1_ct07oyr";"t3_3cxwj2";"1436662525.0"
"t1_ct08aji";"t3_3cxwj2";"1436663749.0"
"t1_ct08k5d";"t3_3cxwj2";"1436664313.0"
"t1_ct08tqy";"t3_3cxwj2";"1436664872.0"
"t1_ct08x88";"t3_3cxwj2";"1436665078.0"
"t1_ct08xq5";"t3_3cxwj2";"1436665109.0"
"t1_ct098z5";"t3_3cxwj2";"1436665774.0"
"t1_ct09apr";"t3_3cxwj2";"1436665878.0"
"t1_ct09f4x";"t3_3cxwj2";"1436666148.0"
"t1_ct0k7xh";"t1_ct09f4x";"1436697130.0"
"t1_ct09k34";"t3_3cxwj2";"1436666439.0"
"t1_ct09khc";"t3_3cxwj2";"1436666461.0"
"t1_ct09nd0";"t3_3cxwj2";"1436666631.0"
"t1_ct09od4";"t3_3cxwj2";"1436666688.0"
"t1_ct09p28";"t3_3cxwj2";"1436666729.0"
"t1_ct09w0w";"t3_3cxwj2";"1436667148.0"
"t1_ct09xar";"t3_3cxwj2";"1436667222.0"
"t1_ct09xhy";"t3_3cxwj2";"1436667233.0"
"t1_ct0a27m";"t3_3cxwj2";"1436667510.0"
"t1_ct0a34u";"t3_3cxwj2";"1436667561.0"
"t1_ct0acz5";"t3_3cxwj2";"1436668113.0"
"t1_ct0adic";"t3_3cxwj2";"1436668142.0"
"t1_ct0ao6o";"t3_3cxwj2";"1436668765.0"
"t1_ct0ap9w";"t3_3cxwj2";"1436668826.0"
"t1_ct0as9m";"t3_3cxwj2";"1436669003.0"
"t1_ct0awdz";"t3_3cxwj2";"1436669244.0"
"t1_ct0d9dj";"t1_ct0awdz";"1436674356.0"
"t1_ct0b3xx";"t3_3cxwj2";"1436669687.0"
"t1_ct0b718";"t3_3cxwj2";"1436669863.0"
"t1_ct0b9lt";"t3_3cxwj2";"1436670007.0"
"t1_ct0bka1";"t3_3cxwj2";"1436670651.0"
"t1_ct0c24z";"t3_3cxwj2";"1436671724.0"
"t1_ct0c6fi";"t3_3cxwj2";"1436671979.0"
"t1_ct0c98v";"t3_3cxwj2";"1436672150.0"
"t1_ct0cbc8";"t3_3cxwj2";"1436672282.0"
"t1_ct0ccyp";"t3_3cxwj2";"1436672387.0"
"t1_ct0cfwk";"t3_3cxwj2";"1436672569.0"
"t1_ct0ci8s";"t3_3cxwj2";"1436672715.0"
"t1_ct0cij7";"t3_3cxwj2";"1436672734.0"
"t1_ct0cilv";"t3_3cxwj2";"1436672738.0"
"t1_ct0cjhq";"t3_3cxwj2";"1436672793.0"
"t1_ct0cnxb";"t3_3cxwj2";"1436673077.0"
"t1_ct0co4u";"t3_3cxwj2";"1436673090.0"
"t1_ct0cpid";"t3_3cxwj2";"1436673170.0"
"t1_ct0cqaf";"t3_3cxwj2";"1436673219.0"
"t1_ct0cqx5";"t3_3cxwj2";"1436673258.0"
"t1_ct0cr55";"t3_3cxwj2";"1436673273.0"
"t1_ct0cwsa";"t1_ct0cr55";"1436673616.0"
"t1_ct0dlq4";"t1_ct0cr55";"1436675062.0"
"t1_ct0csb8";"t3_3cxwj2";"1436673342.0"
"t1_ct0cv58";"t3_3cxwj2";"1436673516.0"
"t1_ct0cvzq";"t3_3cxwj2";"1436673566.0"
"t1_ct0cwof";"t3_3cxwj2";"1436673609.0"
"t1_ct0cxf2";"t3_3cxwj2";"1436673650.0"
"t1_ct0cxzm";"t3_3cxwj2";"1436673679.0"
"t1_ct0cyne";"t3_3cxwj2";"1436673718.0"
"t1_ct0d2c4";"t3_3cxwj2";"1436673932.0"
"t1_ct0d4kl";"t3_3cxwj2";"1436674064.0"
"t1_ct0d66p";"t3_3cxwj2";"1436674160.0"
"t1_ct0d8gm";"t3_3cxwj2";"1436674302.0"
"t1_ct0d8lb";"t3_3cxwj2";"1436674311.0"
"t1_ct0dbil";"t3_3cxwj2";"1436674473.0"
"t1_ct0dcof";"t3_3cxwj2";"1436674540.0"
"t1_ct0dg2i";"t3_3cxwj2";"1436674733.0"
"t1_ct0dgeu";"t3_3cxwj2";"1436674752.0"
"t1_ct0dgop";"t3_3cxwj2";"1436674770.0"
"t1_ct0dh23";"t3_3cxwj2";"1436674791.0"
"t1_ct0dlet";"t3_3cxwj2";"1436675045.0"
"t1_ct0dlil";"t3_3cxwj2";"1436675051.0"
"t1_ct0dm44";"t3_3cxwj2";"1436675086.0"
"t1_ct0dmkj";"t3_3cxwj2";"1436675115.0"
"t1_ct0dnx0";"t3_3cxwj2";"1436675201.0"
"t1_ct0dpi0";"t3_3cxwj2";"1436675303.0"
"t1_ct0dqcd";"t3_3cxwj2";"1436675358.0"
"t1_ct0ds8c";"t3_3cxwj2";"1436675476.0"
"t1_ct0dt2m";"t3_3cxwj2";"1436675529.0"
"t1_ct0dv49";"t3_3cxwj2";"1436675657.0"
"t1_ct0dvqs";"t3_3cxwj2";"1436675697.0"
"t1_ct0dvr9";"t3_3cxwj2";"1436675699.0"
"t1_ct0dvxq";"t3_3cxwj2";"1436675710.0"
"t1_ct0dvz4";"t3_3cxwj2";"1436675713.0"
"t1_ct0dw84";"t3_3cxwj2";"1436675729.0"
"t1_ct0igu9";"t1_ct0dw84";"1436689191.0"
"t1_ct0dyt4";"t3_3cxwj2";"1436675874.0"
"t1_ct0dyw3";"t3_3cxwj2";"1436675879.0"
"t1_ct0dz1r";"t3_3cxwj2";"1436675888.0"
"t1_ct0dzmq";"t3_3cxwj2";"1436675924.0"
"t1_ct0e12f";"t3_3cxwj2";"1436676012.0"
"t1_ct0e2pz";"t3_3cxwj2";"1436676110.0"
"t1_ct0e7tm";"t3_3cxwj2";"1436676424.0"
"t1_ct0e9db";"t3_3cxwj2";"1436676516.0"
"t1_ct0e9lr";"t3_3cxwj2";"1436676529.0"
"t1_ct0e9px";"t3_3cxwj2";"1436676536.0"
"t1_ct0eag7";"t3_3cxwj2";"1436676580.0"
"t1_ct0ehf9";"t3_3cxwj2";"1436677005.0"
"t1_ct0ei93";"t3_3cxwj2";"1436677058.0"
"t1_ct0ejk6";"t3_3cxwj2";"1436677138.0"
"t1_ct0ejtg";"t3_3cxwj2";"1436677156.0"
"t1_ct0ejua";"t3_3cxwj2";"1436677157.0"
"t1_ct0el5q";"t3_3cxwj2";"1436677239.0"
"t1_ct0enfy";"t3_3cxwj2";"1436677382.0"
"t1_ct0er0i";"t3_3cxwj2";"1436677615.0"
"t1_ct0esct";"t3_3cxwj2";"1436677703.0"
"t1_ct0evgo";"t3_3cxwj2";"1436677911.0"
"t1_ct0exl1";"t3_3cxwj2";"1436678053.0"
"t1_ct0eyy2";"t3_3cxwj2";"1436678142.0"
"t1_ct0ezlj";"t3_3cxwj2";"1436678186.0"
"t1_ct0f2f6";"t3_3cxwj2";"1436678381.0"
"t1_ct0f2kv";"t3_3cxwj2";"1436678392.0"
"t1_ct0f4a1";"t3_3cxwj2";"1436678505.0"
"t1_ct0f4rb";"t3_3cxwj2";"1436678538.0"
"t1_ct0f72a";"t3_3cxwj2";"1436678693.0"
"t1_ct0fctn";"t1_ct0f72a";"1436679093.0"
"t1_ct0fctx";"t1_ct0f72a";"1436679093.0"
"t1_ct0f9o0";"t3_3cxwj2";"1436678877.0"
"t1_ct0fazx";"t3_3cxwj2";"1436678966.0"
"t1_ct0fepn";"t3_3cxwj2";"1436679228.0"
"t1_ct0fffs";"t3_3cxwj2";"1436679281.0"
"t1_ct0ffst";"t3_3cxwj2";"1436679308.0"
"t1_ct0ffvv";"t3_3cxwj2";"1436679314.0"
"t1_ct0ffzy";"t3_3cxwj2";"1436679322.0"
"t1_ct0fg3f";"t3_3cxwj2";"1436679329.0"
"t1_ct0fg57";"t3_3cxwj2";"1436679332.0"
"t1_ct0fger";"t3_3cxwj2";"1436679351.0"
"t1_ct0fgmt";"t3_3cxwj2";"1436679368.0"
"t1_ct0fibf";"t3_3cxwj2";"1436679490.0"
"t1_ct0fiz0";"t3_3cxwj2";"1436679537.0"
"t1_ct0fm4d";"t3_3cxwj2";"1436679763.0"
"t1_ct0fmgl";"t3_3cxwj2";"1436679787.0"
"t1_ct0fnu7";"t3_3cxwj2";"1436679888.0"
"t1_ct0fo4x";"t3_3cxwj2";"1436679910.0"
"t1_ct0foqh";"t3_3cxwj2";"1436679954.0"
"t1_ct0fruq";"t3_3cxwj2";"1436680191.0"
"t1_ct0fsc9";"t3_3cxwj2";"1436680228.0"
"t1_ct0gott";"t1_ct0fsc9";"1436682843.0"
"t1_ct0fsek";"t3_3cxwj2";"1436680233.0"
"t1_ct0fu6i";"t3_3cxwj2";"1436680370.0"
"t1_ct0fuxa";"t3_3cxwj2";"1436680426.0"
"t1_ct0fviv";"t3_3cxwj2";"1436680470.0"
"t1_ct0fxy9";"t3_3cxwj2";"1436680648.0"
"t1_ct0g0sn";"t3_3cxwj2";"1436680869.0"
"t1_ct0g2bf";"t3_3cxwj2";"1436680988.0"
"t1_ct0g2h2";"t3_3cxwj2";"1436681000.0"
"t1_ct0g3az";"t3_3cxwj2";"1436681069.0"
"t1_ct0g4rt";"t3_3cxwj2";"1436681186.0"
"t1_ct0g5es";"t3_3cxwj2";"1436681234.0"
"t1_ct0g5rv";"t3_3cxwj2";"1436681264.0"
"t1_ct0g6n4";"t3_3cxwj2";"1436681332.0"
"t1_ct0g6qa";"t3_3cxwj2";"1436681339.0"
"t1_ct0g7f3";"t3_3cxwj2";"1436681393.0"
"t1_ct0g8qp";"t3_3cxwj2";"1436681499.0"
"t1_ct0g958";"t3_3cxwj2";"1436681533.0"
"t1_ct0g9up";"t3_3cxwj2";"1436681591.0"
"t1_ct0ga7j";"t3_3cxwj2";"1436681620.0"
"t1_ct0gagq";"t3_3cxwj2";"1436681640.0"
"t1_ct0gb69";"t3_3cxwj2";"1436681699.0"
"t1_ct0gcwo";"t3_3cxwj2";"1436681843.0"
"t1_ct0gczt";"t3_3cxwj2";"1436681850.0"
"t1_ct0gddo";"t3_3cxwj2";"1436681882.0"
"t1_ct0gdy1";"t3_3cxwj2";"1436681929.0"
"t1_ct0geaf";"t3_3cxwj2";"1436681956.0"
"t1_ct0gext";"t3_3cxwj2";"1436682011.0"
"t1_ct0gezg";"t3_3cxwj2";"1436682015.0"
"t1_ct0gg09";"t3_3cxwj2";"1436682098.0"
"t1_ct0gham";"t3_3cxwj2";"1436682208.0"
"t1_ct0gi1h";"t3_3cxwj2";"1436682270.0"
"t1_ct0giko";"t3_3cxwj2";"1436682313.0"
"t1_ct0gk3y";"t3_3cxwj2";"1436682443.0"
"t1_ct0gkjm";"t3_3cxwj2";"1436682478.0"
"t1_ct0gmj3";"t3_3cxwj2";"1436682647.0"
"t1_ct0goij";"t3_3cxwj2";"1436682813.0"
"t1_ct0gon1";"t3_3cxwj2";"1436682826.0"
"t1_ct0govl";"t3_3cxwj2";"1436682847.0"
"t1_ct0goxa";"t3_3cxwj2";"1436682850.0"
"t1_ct0gp3c";"t3_3cxwj2";"1436682865.0"
"t1_ct0gvke";"t3_3cxwj2";"1436683439.0"
"t1_ct0gvrh";"t3_3cxwj2";"1436683456.0"
"t1_ct0gwra";"t3_3cxwj2";"1436683545.0"
"t1_ct0gxsg";"t3_3cxwj2";"1436683640.0"
"t1_ct0gxxa";"t3_3cxwj2";"1436683652.0"
"t1_ct0gyga";"t3_3cxwj2";"1436683702.0"
"t1_ct0gylh";"t3_3cxwj2";"1436683715.0"
"t1_ct0gz2q";"t3_3cxwj2";"1436683759.0"
"t1_ct0gz6e";"t3_3cxwj2";"1436683768.0"
"t1_ct0gzdn";"t3_3cxwj2";"1436683786.0"
"t1_ct0gzjb";"t3_3cxwj2";"1436683799.0"
"t1_ct0gzpa";"t3_3cxwj2";"1436683812.0"
"t1_ct0h08h";"t3_3cxwj2";"1436683860.0"
"t1_ct0h0yx";"t3_3cxwj2";"1436683927.0"
"t1_ct0h167";"t3_3cxwj2";"1436683947.0"
"t1_ct0h1fm";"t3_3cxwj2";"1436683972.0"
"t1_ct0h2oz";"t3_3cxwj2";"1436684087.0"
"t1_ct0h3dj";"t3_3cxwj2";"1436684148.0"
"t1_ct0h6c8";"t3_3cxwj2";"1436684419.0"
"t1_ct0h81s";"t3_3cxwj2";"1436684576.0"
"t1_ct0h8w3";"t3_3cxwj2";"1436684656.0"
"t1_ct0had7";"t3_3cxwj2";"1436684795.0"
"t1_ct0hat0";"t3_3cxwj2";"1436684839.0"
"t1_ct0iy4y";"t1_ct0hat0";"1436691214.0"
"t1_ct0hbxa";"t3_3cxwj2";"1436684951.0"
"t1_ct0hchg";"t3_3cxwj2";"1436685006.0"
"t1_ct0hcku";"t3_3cxwj2";"1436685017.0"
"t1_ct0hdyp";"t3_3cxwj2";"1436685157.0"
"t1_ct0hm1p";"t1_ct0hdyp";"1436685917.0"
"t1_ct0he29";"t3_3cxwj2";"1436685166.0"
"t1_ct0hh6q";"t3_3cxwj2";"1436685457.0"
"t1_ct0hhud";"t3_3cxwj2";"1436685520.0"
"t1_ct0hhuq";"t3_3cxwj2";"1436685521.0"
"t1_ct0hi50";"t3_3cxwj2";"1436685548.0"
"t1_ct0hj09";"t3_3cxwj2";"1436685632.0"
"t1_ct0hjgc";"t3_3cxwj2";"1436685674.0"
"t1_ct0hkmx";"t3_3cxwj2";"1436685788.0"
"t1_ct0hn8h";"t3_3cxwj2";"1436686034.0"
"t1_ct0ho79";"t3_3cxwj2";"1436686132.0"
"t1_ct0ho8t";"t3_3cxwj2";"1436686137.0"
"t1_ct0hob0";"t3_3cxwj2";"1436686143.0"
"t1_ct0ht0c";"t3_3cxwj2";"1436686626.0"
"t1_ct0hv27";"t3_3cxwj2";"1436686836.0"
"t1_ct0hxi5";"t3_3cxwj2";"1436687092.0"
"t1_ct0hypn";"t3_3cxwj2";"1436687216.0"
"t1_ct0hyxo";"t3_3cxwj2";"1436687239.0"
"t1_ct0i2ki";"t3_3cxwj2";"1436687627.0"
"t1_ct0i3nq";"t3_3cxwj2";"1436687748.0"
"t1_ct0i57p";"t3_3cxwj2";"1436687918.0"
"t1_ct0i6bf";"t3_3cxwj2";"1436688032.0"
"t1_ct0i6xr";"t3_3cxwj2";"1436688100.0"
"t1_ct0i9md";"t3_3cxwj2";"1436688399.0"
"t1_ct0ia27";"t3_3cxwj2";"1436688449.0"
"t1_ct0ib3g";"t3_3cxwj2";"1436688561.0"
"t1_ct0idoy";"t3_3cxwj2";"1436688845.0"
"t1_ct0iduw";"t3_3cxwj2";"1436688862.0"
"t1_ct0ieoe";"t3_3cxwj2";"1436688948.0"
"t1_ct0ietc";"t3_3cxwj2";"1436688965.0"
"t1_ct0if0s";"t3_3cxwj2";"1436688988.0"
"t1_ct0ifbn";"t3_3cxwj2";"1436689021.0"
"t1_ct0kpcj";"t1_ct0ifbn";"1436699403.0"
"t1_ct0ifwg";"t3_3cxwj2";"1436689086.0"
"t1_ct0ihh3";"t3_3cxwj2";"1436689265.0"
"t1_ct0ijmi";"t3_3cxwj2";"1436689496.0"
"t1_ct0iknt";"t3_3cxwj2";"1436689613.0"
"t1_ct0lsy1";"t1_ct0iknt";"1436703906.0"
"t1_ct0il2a";"t3_3cxwj2";"1436689662.0"
"t1_ct0iln5";"t3_3cxwj2";"1436689730.0"
"t1_ct0ilvy";"t3_3cxwj2";"1436689758.0"
"t1_ct0ioba";"t3_3cxwj2";"1436690043.0"
"t1_ct0ist5";"t3_3cxwj2";"1436690567.0"
"t1_ct0itq3";"t3_3cxwj2";"1436690675.0"
"t1_ct0ix1k";"t3_3cxwj2";"1436691077.0"
"t1_ct0ixpb";"t3_3cxwj2";"1436691158.0"
"t1_ct0j0v4";"t3_3cxwj2";"1436691548.0"
"t1_ct0j23i";"t3_3cxwj2";"1436691696.0"
"t1_ct0j4dw";"t3_3cxwj2";"1436691994.0"
"t1_ct0j4ro";"t3_3cxwj2";"1436692045.0"
"t1_ct0j894";"t3_3cxwj2";"1436692476.0"
"t1_ct0j8aw";"t3_3cxwj2";"1436692482.0"
"t1_ct0j8ss";"t3_3cxwj2";"1436692544.0"
"t1_ct0lr2x";"t1_ct0j8ss";"1436703708.0"
"t1_ct0jd2b";"t3_3cxwj2";"1436693078.0"
"t1_ct0jf4x";"t3_3cxwj2";"1436693350.0"
"t1_ct0jfxs";"t3_3cxwj2";"1436693454.0"
"t1_ct0jisf";"t3_3cxwj2";"1436693818.0"
"t1_ct0jivc";"t3_3cxwj2";"1436693829.0"
"t1_ct0jj9q";"t3_3cxwj2";"1436693885.0"
"t1_ct0jl2k";"t3_3cxwj2";"1436694128.0"
"t1_ct0jlpl";"t3_3cxwj2";"1436694215.0"
"t1_ct0jphn";"t3_3cxwj2";"1436694690.0"
"t1_ct0jsz0";"t3_3cxwj2";"1436695146.0"
"t1_ct0jybk";"t3_3cxwj2";"1436695854.0"
"t1_ct0jzha";"t3_3cxwj2";"1436696008.0"
"t1_ct0k42r";"t3_3cxwj2";"1436696627.0"
"t1_ct0k8s9";"t3_3cxwj2";"1436697244.0"
"t1_ct0kcjp";"t3_3cxwj2";"1436697739.0"
"t1_ct0kfd0";"t3_3cxwj2";"1436698103.0"
"t1_ct0kfmp";"t3_3cxwj2";"1436698137.0"
"t1_ct0kfr2";"t3_3cxwj2";"1436698152.0"
"t1_ct0kn5l";"t1_ct0kfr2";"1436699125.0"
"t1_ct0kg3k";"t3_3cxwj2";"1436698200.0"
"t1_ct0kiuq";"t3_3cxwj2";"1436698557.0"
"t1_ct0kixu";"t3_3cxwj2";"1436698567.0"
"t1_ct0kk4o";"t3_3cxwj2";"1436698729.0"
"t1_ct0koim";"t3_3cxwj2";"1436699299.0"
"t1_ct0kqr7";"t3_3cxwj2";"1436699574.0"
"t1_ct0kucw";"t3_3cxwj2";"1436700011.0"
"t1_ct0kyka";"t3_3cxwj2";"1436700500.0"
"t1_ct0m1fu";"t1_ct0kyka";"1436704784.0"
"t1_ct0kz4j";"t3_3cxwj2";"1436700563.0"
"t1_ct0l2em";"t3_3cxwj2";"1436700954.0"
"t1_ct0l35f";"t3_3cxwj2";"1436701038.0"
"t1_ct0l5fb";"t3_3cxwj2";"1436701304.0"
"t1_ct0lahy";"t3_3cxwj2";"1436701889.0"
"t1_ct0lazl";"t3_3cxwj2";"1436701943.0"
"t1_ct0lbn6";"t3_3cxwj2";"1436702016.0"
"t1_ct0lgs3";"t3_3cxwj2";"1436702589.0"
"t1_ct0lmjt";"t3_3cxwj2";"1436703227.0"
"t1_ct0lmt3";"t3_3cxwj2";"1436703253.0"
"t1_ct0lmug";"t3_3cxwj2";"1436703257.0"
"t1_ct0ln5v";"t3_3cxwj2";"1436703294.0"
"t1_ct0lule";"t3_3cxwj2";"1436704083.0"
"t1_ct0lxph";"t3_3cxwj2";"1436704405.0"
"t1_ct0lytr";"t3_3cxwj2";"1436704524.0"
"t1_ct0lyua";"t3_3cxwj2";"1436704525.0"
"t1_ct0lzth";"t3_3cxwj2";"1436704624.0"
"t1_ct0m0bw";"t3_3cxwj2";"1436704673.0"
"t1_ct0m89x";"t3_3cxwj2";"1436705451.0"
"t1_cszz5g2";"t3_3cxwj2";"1436645259.0"
"t1_cszzeop";"t1_cszz5g2";"1436645770.0"
"t1_ct030js";"t1_cszzeop";"1436653039.0"
"t1_ct054ug";"t1_ct030js";"1436657290.0"
"t1_ct044cg";"t1_cszzeop";"1436655318.0"
"t1_ct00427";"t1_cszz5g2";"1436647180.0"
"t1_cszyk4q";"t3_3cxwj2";"1436644066.0"
"t1_cszypyw";"t1_cszyk4q";"1436644395.0"
"t1_cszzahh";"t1_cszyk4q";"1436645541.0"
"t1_cszz503";"t1_cszyk4q";"1436645234.0"
"t1_cszzf72";"t1_cszz503";"1436645798.0"
"t1_cszzc5n";"t1_cszyk4q";"1436645633.0"
"t1_cszz6f1";"t3_3cxwj2";"1436645314.0"
"t1_ct04kmn";"t1_cszz6f1";"1436656187.0"
"t1_ct01884";"t3_3cxwj2";"1436649404.0"
"t1_ct01wgz";"t1_ct01884";"1436650784.0"
"t1_cszzskc";"t3_3cxwj2";"1436646549.0"
"t1_ct01yfy";"t1_cszzskc";"1436650899.0"
"t1_ct009gp";"t3_3cxwj2";"1436647484.0"
"t1_ct02ivs";"t1_ct009gp";"1436652035.0"
"t1_ct040tb";"t1_ct02ivs";"1436655136.0"
"t1_ct01yzl";"t1_ct009gp";"1436650931.0"
"t1_ct06cdw";"t1_ct009gp";"1436659744.0"
"t1_ct06gli";"t1_ct06cdw";"1436659981.0"
"t1_ct0gaai";"t1_ct06gli";"1436681626.0"
"t1_ct02x3c";"t3_3cxwj2";"1436652841.0"
"t1_ct030iv";"t3_3cxwj2";"1436653037.0"
"t1_ct031ov";"t3_3cxwj2";"1436653105.0"
"t1_ct036az";"t3_3cxwj2";"1436653373.0"
"t1_ct03n9q";"t3_3cxwj2";"1436654355.0"
"t1_ct03w4v";"t3_3cxwj2";"1436654867.0"
"t1_ct03xe7";"t3_3cxwj2";"1436654941.0"
"t1_ct042s9";"t3_3cxwj2";"1436655247.0"
"t1_ct047j2";"t3_3cxwj2";"1436655477.0"
"t1_ct04lch";"t3_3cxwj2";"1436656226.0"
"t1_ct04pp5";"t3_3cxwj2";"1436656465.0"
"t1_ct04vqo";"t3_3cxwj2";"1436656793.0"
"t1_ct054go";"t3_3cxwj2";"1436657268.0"
"t1_ct07pu2";"t1_ct054go";"1436662575.0"
"t1_ct05ene";"t3_3cxwj2";"1436657847.0"
"t1_ct05vln";"t3_3cxwj2";"1436658781.0"
"t1_ct05w4z";"t3_3cxwj2";"1436658811.0"
"t1_ct060av";"t3_3cxwj2";"1436659043.0"
"t1_ct0hicm";"t1_ct060av";"1436685568.0"
"t1_ct0jnx7";"t1_ct0hicm";"1436694493.0"
"t1_ct0kkhg";"t1_ct0jnx7";"1436698779.0"
"t1_ct066oq";"t3_3cxwj2";"1436659413.0"
"t1_ct069as";"t3_3cxwj2";"1436659568.0"
"t1_ct06a49";"t3_3cxwj2";"1436659616.0"
"t1_ct06c1b";"t3_3cxwj2";"1436659724.0"
"t1_ct06ffe";"t3_3cxwj2";"1436659918.0"
"t1_ct06itr";"t3_3cxwj2";"1436660111.0"
"t1_ct0759q";"t3_3cxwj2";"1436661404.0"
"t1_ct07mjm";"t3_3cxwj2";"1436662388.0"
"t1_ct07w08";"t3_3cxwj2";"1436662927.0"
"t1_ct07xmt";"t1_ct07w08";"1436663016.0"
"t1_ct081i8";"t1_ct07xmt";"1436663230.0"
"t1_ct07y73";"t1_ct07w08";"1436663046.0"
"t1_ct081b1";"t1_ct07y73";"1436663220.0"
"t1_ct087ee";"t1_ct081b1";"1436663568.0"
"t1_ct07x68";"t3_3cxwj2";"1436662990.0"
"t1_ct0833k";"t3_3cxwj2";"1436663318.0"
"t1_ct089wd";"t3_3cxwj2";"1436663713.0"
"t1_ct08ac8";"t3_3cxwj2";"1436663737.0"
"t1_ct08hrp";"t3_3cxwj2";"1436664176.0"
"t1_ct09ref";"t3_3cxwj2";"1436666870.0"
"t1_ct0aghy";"t3_3cxwj2";"1436668314.0"
"t1_cszyrvy";"t3_3cxwj2";"1436644502.0"
"t1_cszyvyg";"t1_cszyrvy";"1436644733.0"
"t1_ct01z5n";"t1_cszyvyg";"1436650941.0"
"t1_cszzff9";"t3_3cxwj2";"1436645810.0"
"t1_ct01nyw";"t3_3cxwj2";"1436650287.0"
"t1_cszywyn";"t3_3cxwj2";"1436644787.0"
"t1_cszzon5";"t3_3cxwj2";"1436646325.0"
"t1_ct05366";"t3_3cxwj2";"1436657197.0"
"t1_ct05lq1";"t1_ct05366";"1436658234.0"
"t1_cszzhq6";"t3_3cxwj2";"1436645940.0"
"t1_cszzpc0";"t3_3cxwj2";"1436646366.0"
"t1_cszzuz5";"t3_3cxwj2";"1436646678.0"
"t1_cszzwus";"t3_3cxwj2";"1436646784.0"
"t1_ct01jts";"t1_cszzwus";"1436650056.0"
"t1_ct0aj3i";"t1_ct01jts";"1436668467.0"
"t1_cszzx6t";"t3_3cxwj2";"1436646801.0"
"t1_cszzxzm";"t3_3cxwj2";"1436646847.0"
"t1_cszzycl";"t3_3cxwj2";"1436646866.0"
"t1_cszzzvk";"t3_3cxwj2";"1436646950.0"
"t1_ct0006i";"t3_3cxwj2";"1436646968.0"
"t1_ct00vin";"t3_3cxwj2";"1436648696.0"
"t1_ct010pg";"t3_3cxwj2";"1436648991.0"
"t1_ct01krq";"t1_ct010pg";"1436650108.0"
"t1_ct02fur";"t1_ct01krq";"1436651865.0"
"t1_ct02x3q";"t1_ct02fur";"1436652842.0"
"t1_ct013vf";"t3_3cxwj2";"1436649160.0"
"t1_ct01ctr";"t3_3cxwj2";"1436649662.0"
"t1_ct01h30";"t3_3cxwj2";"1436649901.0"
"t1_ct01ipr";"t3_3cxwj2";"1436649992.0"
"t1_ct01l5y";"t3_3cxwj2";"1436650129.0"
"t1_ct01pty";"t3_3cxwj2";"1436650391.0"
"t1_ct01vx9";"t3_3cxwj2";"1436650750.0"
"t1_ct02938";"t3_3cxwj2";"1436651491.0"
"t1_ct02dv4";"t3_3cxwj2";"1436651754.0"
"t1_ct02sre";"t3_3cxwj2";"1436652591.0"
"t1_ct02ttf";"t3_3cxwj2";"1436652649.0"
"t1_ct03olk";"t3_3cxwj2";"1436654433.0"
"t1_ct03s0m";"t3_3cxwj2";"1436654632.0"
"t1_ct03xff";"t3_3cxwj2";"1436654944.0"
"t1_ct03zuu";"t3_3cxwj2";"1436655081.0"
"t1_ct04my4";"t3_3cxwj2";"1436656311.0"
"t1_ct0505r";"t3_3cxwj2";"1436657033.0"
"t1_ct055es";"t3_3cxwj2";"1436657322.0"
"t1_ct05uy6";"t3_3cxwj2";"1436658745.0"
"t1_ct06244";"t3_3cxwj2";"1436659145.0"
"t1_ct0643x";"t3_3cxwj2";"1436659262.0"
"t1_ct06b5y";"t3_3cxwj2";"1436659674.0"
"t1_ct06fn8";"t3_3cxwj2";"1436659930.0"
"t1_ct06nym";"t3_3cxwj2";"1436660415.0"
"t1_ct0725m";"t3_3cxwj2";"1436661228.0"
"t1_ct079u1";"t3_3cxwj2";"1436661665.0"
"t1_ct07awy";"t3_3cxwj2";"1436661727.0"
"t1_ct07jrg";"t3_3cxwj2";"1436662231.0"
"t1_ct07r7q";"t3_3cxwj2";"1436662652.0"
"t1_ct07xxe";"t3_3cxwj2";"1436663031.0"
"t1_ct07z6j";"t3_3cxwj2";"1436663101.0"
"t1_ct081dc";"t3_3cxwj2";"1436663224.0"
"t1_ct083k6";"t3_3cxwj2";"1436663346.0"
"t1_ct086ws";"t3_3cxwj2";"1436663542.0"
"t1_ct08sqt";"t3_3cxwj2";"1436664814.0"
"t1_ct08x0t";"t3_3cxwj2";"1436665065.0"
"t1_ct0944g";"t3_3cxwj2";"1436665491.0"
"t1_ct094nl";"t3_3cxwj2";"1436665522.0"
"t1_ct0986y";"t3_3cxwj2";"1436665728.0"
"t1_ct09bxs";"t3_3cxwj2";"1436665950.0"
"t1_ct0avkv";"t3_3cxwj2";"1436669199.0"
"t1_ct0bgfg";"t3_3cxwj2";"1436670423.0"
"t1_ct0bsim";"t3_3cxwj2";"1436671148.0"
"t1_ct0buxv";"t3_3cxwj2";"1436671296.0"
"t1_ct0cb64";"t3_3cxwj2";"1436672270.0"
"t1_ct0m8a1";"t3_3cxwj2";"1436705451.0"
"t1_cszyl6q";"t3_3cxwj2";"1436644124.0"
"t1_cszyopw";"t1_cszyl6q";"1436644324.0"
"t1_cszyiwj";"t3_3cxwj2";"1436643997.0"
"t1_cszyqes";"t1_cszyiwj";"1436644420.0"
"t1_ct01ipy";"t1_cszyqes";"1436649992.0"
"t1_ct03uvg";"t1_ct01ipy";"1436654795.0"
"t1_cszzbl2";"t1_cszyqes";"1436645601.0"
"t1_cszyng5";"t3_3cxwj2";"1436644253.0"
"t1_cszyumc";"t1_cszyng5";"1436644659.0"
"t1_ct01hug";"t1_cszyumc";"1436649944.0"
"t1_cszyrle";"t1_cszyng5";"1436644487.0"
"t1_cszytms";"t1_cszyrle";"1436644602.0"
"t1_ct01zs7";"t1_cszytms";"1436650980.0"
"t1_ct031yz";"t1_ct01zs7";"1436653121.0"
"t1_ct0328j";"t1_ct031yz";"1436653136.0"
"t1_ct013ms";"t3_3cxwj2";"1436649146.0"
"t1_ct01ump";"t1_ct013ms";"1436650672.0"
"t1_ct01z75";"t1_ct01ump";"1436650944.0"
"t1_ct0027n";"t3_3cxwj2";"1436647082.0"
"t1_ct06zmb";"t3_3cxwj2";"1436661083.0"
"t1_ct087ir";"t1_ct06zmb";"1436663576.0"
"t1_cszzcka";"t3_3cxwj2";"1436645655.0"
"t1_ct01yjv";"t1_cszzcka";"1436650906.0"
"t1_ct031oh";"t1_ct01yjv";"1436653105.0"
"t1_cszzumm";"t3_3cxwj2";"1436646659.0"
"t1_cszzpl8";"t3_3cxwj2";"1436646380.0"
"t1_ct00j0z";"t3_3cxwj2";"1436648006.0"
"t1_ct01mkv";"t1_ct00j0z";"1436650208.0"
"t1_ct01j7y";"t1_ct00j0z";"1436650022.0"
"t1_cszzyn6";"t3_3cxwj2";"1436646882.0"
