"t1_ct42dp8";"t3_3ddezt";"1436963671.0"
"t1_ct47xii";"t1_ct42dp8";"1436974124.0"
"t1_ct47zeb";"t1_ct47xii";"1436974204.0"
"t1_ct489at";"t1_ct47zeb";"1436974626.0"
"t1_ct4djb9";"t1_ct489at";"1436982500.0"
"t1_ct4e705";"t1_ct4djb9";"1436983450.0"
"t1_ct4fwij";"t1_ct4djb9";"1436985949.0"
"t1_ct4gdhn";"t1_ct4fwij";"1436986643.0"
"t1_ct4j32t";"t1_ct4gdhn";"1436990643.0"
"t1_ct4jl7n";"t1_ct4gdhn";"1436991385.0"
"t1_ct4kf03";"t1_ct4gdhn";"1436992581.0"
"t1_ct4g7qv";"t1_ct4fwij";"1436986408.0"
"t1_ct4g9ji";"t1_ct489at";"1436986480.0"
"t1_ct49qpx";"t1_ct47zeb";"1436976887.0"
"t1_ct4gcg3";"t1_ct49qpx";"1436986599.0"
"t1_ct4fvju";"t1_ct49qpx";"1436985910.0"
"t1_ct4fui6";"t1_ct49qpx";"1436985867.0"
"t1_ct4gadz";"t1_ct47zeb";"1436986515.0"
"t1_ct4gsbn";"t1_ct47zeb";"1436987255.0"
"t1_ct4ig5d";"t1_ct47zeb";"1436989713.0"
"t1_ct4jcxv";"t1_ct47zeb";"1436991048.0"
"t1_ct4a0fn";"t1_ct47zeb";"1436977293.0"
"t1_ct4etrk";"t1_ct4a0fn";"1436984382.0"
"t1_ct4d5xo";"t1_ct47xii";"1436981968.0"
"t1_ct4jims";"t1_ct47xii";"1436991278.0"
"t1_ct4faoa";"t1_ct42dp8";"1436985069.0"
"t1_ct4gh73";"t1_ct4faoa";"1436986792.0"
"t1_ct4gsnw";"t1_ct4gh73";"1436987269.0"
"t1_ct4i1gx";"t1_ct4gh73";"1436989118.0"
"t1_ct4ivku";"t1_ct4gh73";"1436990338.0"
"t1_ct4k6wj";"t1_ct4faoa";"1436992251.0"
"t1_ct4kgrg";"t1_ct4k6wj";"1436992653.0"
"t1_ct4kiyf";"t1_ct4k6wj";"1436992745.0"
"t1_ct4dzhg";"t1_ct42dp8";"1436983141.0"
"t1_ct4fqzu";"t1_ct4dzhg";"1436985725.0"
"t1_ct4gguw";"t1_ct4fqzu";"1436986778.0"
"t1_ct4hdgk";"t1_ct4gguw";"1436988129.0"
"t1_ct4i4sy";"t1_ct4fqzu";"1436989255.0"
"t1_ct4fja8";"t1_ct4dzhg";"1436985422.0"
"t1_ct4gpx5";"t1_ct4fja8";"1436987155.0"
"t1_ct4gfv6";"t1_ct4fja8";"1436986737.0"
"t1_ct4kega";"t1_ct4gfv6";"1436992556.0"
"t1_ct4gy6h";"t1_ct4fja8";"1436987498.0"
"t1_ct4h8yg";"t1_ct4gy6h";"1436987944.0"
"t1_ct4h8yr";"t1_ct4fja8";"1436987945.0"
"t1_ct4h1im";"t1_ct4fja8";"1436987635.0"
"t1_ct4fewj";"t1_ct4dzhg";"1436985242.0"
"t1_ct4hc8k";"t1_ct4dzhg";"1436988080.0"
"t1_ct47nz5";"t1_ct42dp8";"1436973706.0"
"t1_ct4f9kg";"t1_ct42dp8";"1436985023.0"
"t1_ct4akn7";"t1_ct42dp8";"1436978118.0"
"t1_ct4f0ny";"t1_ct42dp8";"1436984661.0"
"t1_ct4g1l5";"t1_ct42dp8";"1436986154.0"
"t1_ct42hvi";"t3_3ddezt";"1436963969.0"
"t1_ct45gks";"t1_ct42hvi";"1436970060.0"
"t1_ct47s0e";"t1_ct45gks";"1436973883.0"
"t1_ct4augp";"t1_ct47s0e";"1436978521.0"
"t1_ct4f1k3";"t1_ct4augp";"1436984697.0"
"t1_ct4fbn4";"t1_ct4f1k3";"1436985108.0"
"t1_ct4fdb5";"t1_ct4fbn4";"1436985177.0"
"t1_ct4gdg2";"t1_ct4fdb5";"1436986641.0"
"t1_ct4fk6t";"t1_ct4f1k3";"1436985457.0"
"t1_ct4gdai";"t1_ct4fk6t";"1436986634.0"
"t1_ct4fkc0";"t1_ct47s0e";"1436985463.0"
"t1_ct4k9wg";"t1_ct4fkc0";"1436992374.0"
"t1_ct4bels";"t1_ct47s0e";"1436979349.0"
"t1_ct4jlaw";"t1_ct4bels";"1436991388.0"
"t1_ct4hld1";"t1_ct47s0e";"1436988450.0"
"t1_ct4gtzr";"t1_ct45gks";"1436987324.0"
"t1_ct4iawt";"t1_ct45gks";"1436989501.0"
"t1_ct4fsa2";"t1_ct45gks";"1436985777.0"
"t1_ct45r88";"t1_ct42hvi";"1436970583.0"
"t1_ct4h9ul";"t1_ct42hvi";"1436987981.0"
"t1_ct4i8qh";"t1_ct4h9ul";"1436989414.0"
"t1_ct48crd";"t1_ct42hvi";"1436974774.0"
"t1_ct4jzd9";"t1_ct42hvi";"1436991952.0"
"t1_ct423my";"t3_3ddezt";"1436962927.0"
"t1_ct47rg9";"t3_3ddezt";"1436973859.0"
"t1_ct4g4ox";"t1_ct47rg9";"1436986279.0"
"t1_ct4gduq";"t1_ct4g4ox";"1436986657.0"
"t1_ct4gp1c";"t1_ct4g4ox";"1436987118.0"
"t1_ct4iaa6";"t1_ct4gp1c";"1436989475.0"
"t1_ct4imf0";"t1_ct4iaa6";"1436989967.0"
"t1_ct4id5s";"t1_ct4iaa6";"1436989591.0"
"t1_ct4iuhy";"t1_ct4g4ox";"1436990293.0"
"t1_ct4jcoa";"t1_ct4iuhy";"1436991037.0"
"t1_ct4kjj8";"t1_ct47rg9";"1436992769.0"
"t1_ct43yed";"t3_3ddezt";"1436967210.0"
"t1_ct4flc8";"t1_ct43yed";"1436985500.0"
"t1_ct4fnrz";"t1_ct4flc8";"1436985598.0"
"t1_ct4fqhw";"t1_ct4fnrz";"1436985706.0"
"t1_ct4funy";"t1_ct4fqhw";"1436985873.0"
"t1_ct4fzbz";"t1_ct4fqhw";"1436986065.0"
"t1_ct46fmo";"t3_3ddezt";"1436971725.0"
"t1_ct47qbt";"t1_ct46fmo";"1436973810.0"
"t1_ct4f0xr";"t1_ct47qbt";"1436984672.0"
"t1_ct4j0n8";"t1_ct47qbt";"1436990544.0"
"t1_ct46vc3";"t1_ct46fmo";"1436972440.0"
"t1_ct49rj0";"t1_ct46fmo";"1436976920.0"
"t1_ct4ddux";"t1_ct49rj0";"1436982285.0"
"t1_ct4gwzq";"t1_ct4ddux";"1436987449.0"
"t1_ct4imd6";"t1_ct4gwzq";"1436989965.0"
"t1_ct4k12p";"t1_ct4imd6";"1436992019.0"
"t1_ct4k8c0";"t1_ct4k12p";"1436992310.0"
"t1_ct4k2ft";"t1_ct4gwzq";"1436992073.0"
"t1_ct4f1vr";"t1_ct4ddux";"1436984710.0"
"t1_ct4khr3";"t1_ct49rj0";"1436992694.0"
"t1_ct4dc94";"t1_ct46fmo";"1436982223.0"
"t1_ct4fzvg";"t1_ct4dc94";"1436986085.0"
"t1_ct4j3u8";"t1_ct4fzvg";"1436990675.0"
"t1_ct4jmcd";"t1_ct4j3u8";"1436991429.0"
"t1_ct4k3mj";"t1_ct4jmcd";"1436992119.0"
"t1_ct48hwh";"t3_3ddezt";"1436974992.0"
"t1_ct4ahx9";"t1_ct48hwh";"1436978006.0"
"t1_ct4e00n";"t1_ct4ahx9";"1436983163.0"
"t1_ct4fngj";"t1_ct4e00n";"1436985585.0"
"t1_ct4h8uz";"t1_ct4ahx9";"1436987940.0"
"t1_ct43urv";"t3_3ddezt";"1436966998.0"
"t1_ct4hxl6";"t1_ct43urv";"1436988958.0"
"t1_ct49cwh";"t3_3ddezt";"1436976300.0"
"t1_ct4b8vi";"t3_3ddezt";"1436979112.0"
"t1_ct477z2";"t3_3ddezt";"1436973002.0"
"t1_ct4frzi";"t3_3ddezt";"1436985765.0"
"t1_ct4be75";"t3_3ddezt";"1436979332.0"
"t1_ct48qnr";"t3_3ddezt";"1436975365.0"
"t1_ct48vy5";"t3_3ddezt";"1436975586.0"
"t1_ct4idyc";"t1_ct48vy5";"1436989623.0"
"t1_ct4gy6b";"t1_ct48vy5";"1436987498.0"
"t1_ct4bz7n";"t1_ct48vy5";"1436980207.0"
"t1_ct4cegc";"t1_ct4bz7n";"1436980847.0"
"t1_ct4dm6h";"t1_ct4cegc";"1436982611.0"
"t1_ct4j21t";"t1_ct4cegc";"1436990602.0"
"t1_ct4ezo8";"t3_3ddezt";"1436984621.0"
"t1_ct4gedi";"t3_3ddezt";"1436986678.0"
"t1_ct478ll";"t3_3ddezt";"1436973030.0"
"t1_ct4dodc";"t3_3ddezt";"1436982698.0"
"t1_ct4ezyp";"t3_3ddezt";"1436984634.0"
"t1_ct4gfdw";"t3_3ddezt";"1436986718.0"
"t1_ct4h5yu";"t3_3ddezt";"1436987823.0"
"t1_ct4ih14";"t1_ct4h5yu";"1436989747.0"
"t1_ct4hid1";"t3_3ddezt";"1436988328.0"
"t1_ct4ia36";"t3_3ddezt";"1436989467.0"
"t1_ct4j06u";"t3_3ddezt";"1436990525.0"
"t1_ct43nvh";"t3_3ddezt";"1436966604.0"
"t1_ct43vcn";"t3_3ddezt";"1436967033.0"
"t1_ct4afdo";"t3_3ddezt";"1436977901.0"
"t1_ct455mh";"t3_3ddezt";"1436969520.0"
"t1_ct4ay6o";"t3_3ddezt";"1436978672.0"
"t1_ct4f4st";"t1_ct4ay6o";"1436984827.0"
"t1_ct4hj8e";"t1_ct4ay6o";"1436988363.0"
"t1_ct4bknt";"t3_3ddezt";"1436979598.0"
"t1_ct4buky";"t3_3ddezt";"1436980014.0"
"t1_ct4e0y7";"t3_3ddezt";"1436983200.0"
"t1_ct4euza";"t3_3ddezt";"1436984433.0"
"t1_ct4eza7";"t3_3ddezt";"1436984605.0"
"t1_ct4f193";"t3_3ddezt";"1436984684.0"
"t1_ct4f5po";"t3_3ddezt";"1436984865.0"
"t1_ct4g2un";"t1_ct4f5po";"1436986205.0"
"t1_ct4f7xl";"t3_3ddezt";"1436984957.0"
"t1_ct4fdhb";"t3_3ddezt";"1436985185.0"
"t1_ct4fqre";"t3_3ddezt";"1436985716.0"
"t1_ct4fwaf";"t3_3ddezt";"1436985940.0"
"t1_ct4fxr3";"t3_3ddezt";"1436986001.0"
"t1_ct4fxzz";"t3_3ddezt";"1436986011.0"
"t1_ct4g1mu";"t3_3ddezt";"1436986156.0"
"t1_ct4g370";"t3_3ddezt";"1436986218.0"
"t1_ct4g7os";"t3_3ddezt";"1436986405.0"
"t1_ct4g833";"t3_3ddezt";"1436986421.0"
"t1_ct4g9k6";"t3_3ddezt";"1436986481.0"
"t1_ct4gkvx";"t3_3ddezt";"1436986945.0"
"t1_ct4gopk";"t3_3ddezt";"1436987105.0"
"t1_ct4gqm7";"t3_3ddezt";"1436987185.0"
"t1_ct4gtej";"t3_3ddezt";"1436987301.0"
"t1_ct4h2ff";"t3_3ddezt";"1436987673.0"
"t1_ct4h5zp";"t3_3ddezt";"1436987824.0"
"t1_ct4hj7s";"t1_ct4h5zp";"1436988362.0"
"t1_ct4iy5f";"t1_ct4h5zp";"1436990442.0"
"t1_ct4j8h9";"t1_ct4h5zp";"1436990865.0"
"t1_ct4hsha";"t3_3ddezt";"1436988745.0"
"t1_ct4hykm";"t3_3ddezt";"1436988999.0"
"t1_ct4ifr2";"t3_3ddezt";"1436989696.0"
"t1_ct4ivmn";"t3_3ddezt";"1436990340.0"
"t1_ct4jcav";"t3_3ddezt";"1436991020.0"
"t1_ct4jgil";"t3_3ddezt";"1436991192.0"
"t1_ct4jqxs";"t3_3ddezt";"1436991616.0"
"t1_ct4jvyj";"t3_3ddezt";"1436991813.0"
"t1_ct4jzlt";"t3_3ddezt";"1436991962.0"
"t1_ct4katg";"t3_3ddezt";"1436992410.0"
"t1_ct4kgd0";"t3_3ddezt";"1436992637.0"
"t1_ct48v9b";"t3_3ddezt";"1436975558.0"
"t1_ct4c3im";"t1_ct48v9b";"1436980391.0"
"t1_ct4gfld";"t3_3ddezt";"1436986726.0"
"t1_ct48hgv";"t3_3ddezt";"1436974975.0"
"t1_ct4bi6y";"t3_3ddezt";"1436979499.0"
"t1_ct494tm";"t3_3ddezt";"1436975962.0"
"t1_ct4a88h";"t3_3ddezt";"1436977611.0"
"t1_ct468cg";"t3_3ddezt";"1436971388.0"
"t1_ct484ju";"t1_ct468cg";"1436974424.0"
"t1_ct48c98";"t1_ct484ju";"1436974751.0"
"t1_ct4crf9";"t1_ct48c98";"1436981379.0"
"t1_ct4cy75";"t1_ct4crf9";"1436981655.0"
"t1_ct4d8gt";"t1_ct4crf9";"1436982073.0"
"t1_ct4dscg";"t1_ct4d8gt";"1436982855.0"
"t1_ct4dva0";"t1_ct4dscg";"1436982973.0"
"t1_ct4f2j0";"t3_3ddezt";"1436984735.0"
"t1_ct4j3c5";"t3_3ddezt";"1436990654.0"
"t1_ct4d7yx";"t3_3ddezt";"1436982052.0"
"t1_ct4dee8";"t1_ct4d7yx";"1436982306.0"
"t1_ct46vvb";"t3_3ddezt";"1436972464.0"
"t1_ct4amlj";"t1_ct46vvb";"1436978198.0"
"t1_ct4a1ud";"t3_3ddezt";"1436977350.0"
"t1_ct486so";"t3_3ddezt";"1436974518.0"
"t1_ct48igc";"t1_ct486so";"1436975015.0"
"t1_ct4aihn";"t1_ct486so";"1436978029.0"
"t1_ct4cztf";"t1_ct4aihn";"1436981722.0"
"t1_ct4an5y";"t1_ct486so";"1436978219.0"
"t1_ct4ejkq";"t1_ct486so";"1436983962.0"
"t1_ct4faa0";"t1_ct4ejkq";"1436985053.0"
"t1_ct47o0u";"t3_3ddezt";"1436973708.0"
"t1_ct48oop";"t1_ct47o0u";"1436975280.0"
"t1_ct4g2en";"t3_3ddezt";"1436986186.0"
